-- phpMyAdmin SQL Dump
-- version 5.2.0
-- https://www.phpmyadmin.net/
--
-- Host: 127.0.0.1
-- Generation Time: Mar 31, 2023 at 08:12 AM
-- Server version: 10.4.27-MariaDB
-- PHP Version: 8.1.12

SET SQL_MODE = "NO_AUTO_VALUE_ON_ZERO";
START TRANSACTION;
SET time_zone = "+00:00";


/*!40101 SET @OLD_CHARACTER_SET_CLIENT=@@CHARACTER_SET_CLIENT */;
/*!40101 SET @OLD_CHARACTER_SET_RESULTS=@@CHARACTER_SET_RESULTS */;
/*!40101 SET @OLD_COLLATION_CONNECTION=@@COLLATION_CONNECTION */;
/*!40101 SET NAMES utf8mb4 */;

--
-- Database: `elegancesalons`
--

-- --------------------------------------------------------

--
-- Table structure for table `admin_logins`
--

CREATE TABLE `admin_logins` (
  `id` bigint(20) UNSIGNED NOT NULL,
  `username` varchar(255) NOT NULL,
  `password` varchar(255) NOT NULL,
  `created_at` timestamp NULL DEFAULT NULL,
  `updated_at` timestamp NULL DEFAULT NULL
) ENGINE=InnoDB DEFAULT CHARSET=utf8mb4 COLLATE=utf8mb4_unicode_ci;

--
-- Dumping data for table `admin_logins`
--

INSERT INTO `admin_logins` (`id`, `username`, `password`, `created_at`, `updated_at`) VALUES
(1, 'admin', '$2y$10$9NKboQocfZXEdBeJF0/pwO9QBAiNFFRWhqDoJ.BQDmlil/80MBXqq', '2022-12-02 23:47:16', '2022-12-02 23:47:16');

-- --------------------------------------------------------

--
-- Table structure for table `cardmodels`
--

CREATE TABLE `cardmodels` (
  `id` bigint(20) UNSIGNED NOT NULL,
  `image` varchar(255) NOT NULL,
  `title` varchar(255) NOT NULL,
  `remember_token` varchar(100) DEFAULT NULL,
  `created_at` timestamp NULL DEFAULT NULL,
  `updated_at` timestamp NULL DEFAULT NULL
) ENGINE=InnoDB DEFAULT CHARSET=utf8mb4 COLLATE=utf8mb4_unicode_ci;

--
-- Dumping data for table `cardmodels`
--

INSERT INTO `cardmodels` (`id`, `image`, `title`, `remember_token`, `created_at`, `updated_at`) VALUES
(2, '202303290710salon-2.jpg', 'Hair and Beauty Salon Aberdeen', NULL, '2022-11-21 22:59:37', '2023-03-29 07:10:39'),
(4, '202303290712salon-3.jpg', 'Hair and Beauty Salon Stirling', NULL, '2022-11-21 23:27:12', '2023-03-29 07:12:42'),
(5, '202303290718salon-5.jpg', 'Express Beauty, Wellgate Shopping Centre (Dundee)', NULL, '2023-03-29 07:18:10', '2023-03-29 07:18:10'),
(6, '202303290724salon-7.jpg', 'Hair and Beauty Salon, Overgate Centre (Dundee)', NULL, '2023-03-29 07:24:20', '2023-03-29 07:24:20'),
(7, '202303290725salon-4.jpg', 'Express Beauty, Overgate Centre (Dundee)', NULL, '2023-03-29 07:25:38', '2023-03-29 07:25:38'),
(8, '202303290727salon-1.jpg', 'Hair and Beauty Salon Fortkinnaird', NULL, '2023-03-29 07:27:10', '2023-03-29 07:27:10');

-- --------------------------------------------------------

--
-- Table structure for table `carousalmodels`
--

CREATE TABLE `carousalmodels` (
  `id` bigint(20) UNSIGNED NOT NULL,
  `image` varchar(255) DEFAULT NULL,
  `created_by` int(11) DEFAULT NULL,
  `updated_by` int(11) DEFAULT NULL,
  `created_at` timestamp NULL DEFAULT NULL,
  `updated_at` timestamp NULL DEFAULT NULL
) ENGINE=InnoDB DEFAULT CHARSET=utf8mb4 COLLATE=utf8mb4_unicode_ci;

--
-- Dumping data for table `carousalmodels`
--

INSERT INTO `carousalmodels` (`id`, `image`, `created_by`, `updated_by`, `created_at`, `updated_at`) VALUES
(36, '202303290705slide-04.jpg', NULL, NULL, '2022-12-05 03:29:16', '2023-03-29 07:05:43'),
(40, '202303300749g_gal_2.jpg', NULL, NULL, '2023-03-30 02:19:28', '2023-03-30 02:19:28');

-- --------------------------------------------------------

--
-- Table structure for table `detailmodels`
--

CREATE TABLE `detailmodels` (
  `id` bigint(20) UNSIGNED NOT NULL,
  `salon_id` bigint(20) UNSIGNED NOT NULL,
  `about` varchar(255) DEFAULT NULL,
  `contact` varchar(255) DEFAULT NULL,
  `opening_hours` varchar(255) DEFAULT NULL,
  `image` varchar(255) DEFAULT NULL,
  `address` varchar(255) DEFAULT NULL,
  `map` varchar(255) DEFAULT NULL,
  `created_at` timestamp NULL DEFAULT NULL,
  `updated_at` timestamp NULL DEFAULT NULL
) ENGINE=InnoDB DEFAULT CHARSET=utf8mb4 COLLATE=utf8mb4_unicode_ci;

--
-- Dumping data for table `detailmodels`
--

INSERT INTO `detailmodels` (`id`, `salon_id`, `about`, `contact`, `opening_hours`, `image`, `address`, `map`, `created_at`, `updated_at`) VALUES
(4, 2, 'aa', 'bbb', 'Hello Summebrnote', '1,2,0,4', 'kk', 'll', '2022-11-23 00:43:41', '2022-12-06 00:08:43'),
(6, 4, 'aakkkkkk', 'sssssssllllllll', ' dddlllll<br>', '0,2,3,0', 'qqqqccd', 'eeeeessss', '2022-11-23 01:14:00', '2022-12-06 00:09:10'),
(7, 5, 'Elegance Salon Dundee is situated in Level 1 Wellgate Shopping Centre of Dundee city . This is a five star rated salon in facebook as well as google.', 'Contact Us', '<p>Monday:09.00am - 05.30pmTuesday:09.00am - 05.30pmWednesday:09.00am - 05.30pmThursday:09.00am - 05.30pmFriday:09.00am - 05.30pmSaturday:09.00am - 05.30pmSunday:11.00am - 05.00pm<br></p>', '1,2,0,0', 'Overgate, Unit 22 Upper mall, Dundee DD1 1UH, United Kingdom.', NULL, '2023-03-29 07:18:10', '2023-03-29 07:21:55'),
(8, 6, NULL, NULL, NULL, NULL, NULL, NULL, '2023-03-29 07:24:20', '2023-03-29 07:24:20'),
(9, 7, NULL, NULL, NULL, NULL, NULL, NULL, '2023-03-29 07:25:38', '2023-03-29 07:25:38'),
(10, 8, NULL, NULL, NULL, NULL, NULL, NULL, '2023-03-29 07:27:10', '2023-03-29 07:27:10');

-- --------------------------------------------------------

--
-- Table structure for table `failed_jobs`
--

CREATE TABLE `failed_jobs` (
  `id` bigint(20) UNSIGNED NOT NULL,
  `uuid` varchar(255) NOT NULL,
  `connection` text NOT NULL,
  `queue` text NOT NULL,
  `payload` longtext NOT NULL,
  `exception` longtext NOT NULL,
  `failed_at` timestamp NOT NULL DEFAULT current_timestamp()
) ENGINE=InnoDB DEFAULT CHARSET=utf8mb4 COLLATE=utf8mb4_unicode_ci;

-- --------------------------------------------------------

--
-- Table structure for table `gallerymodels`
--

CREATE TABLE `gallerymodels` (
  `id` bigint(20) UNSIGNED NOT NULL,
  `treatment_id` bigint(20) UNSIGNED NOT NULL,
  `gallery` varchar(255) NOT NULL,
  `created_at` timestamp NULL DEFAULT NULL,
  `updated_at` timestamp NULL DEFAULT NULL
) ENGINE=InnoDB DEFAULT CHARSET=utf8mb4 COLLATE=utf8mb4_unicode_ci;

--
-- Dumping data for table `gallerymodels`
--

INSERT INTO `gallerymodels` (`id`, `treatment_id`, `gallery`, `created_at`, `updated_at`) VALUES
(35, 32, '202303290827eyebrow-threading-1213.jpg', '2022-12-05 06:43:56', '2023-03-29 08:27:43'),
(36, 32, '202303290827eyebrow-threading-1214.jpg', '2022-12-05 06:43:56', '2023-03-29 08:27:43'),
(37, 32, '202303290830eyebrow-threading-1213.jpg', '2022-12-05 06:43:57', '2023-03-29 08:30:06'),
(38, 32, '202303290830eyebrow-threading-1214.jpg', '2022-12-05 06:43:57', '2023-03-29 08:30:06'),
(39, 33, '202303290906tinting-1213.jpg', '2022-12-05 06:44:25', '2023-03-29 09:06:52'),
(40, 33, '202303290906tinting-1214.jpg', '2022-12-05 06:44:25', '2023-03-29 09:06:52'),
(41, 33, '202303290851eyebrow-waxing-1213.png', '2022-12-05 06:44:25', '2023-03-29 08:51:18'),
(42, 33, '202303290851eyebrow-waxing-1214.jpg', '2022-12-05 06:44:25', '2023-03-29 08:51:18'),
(43, 34, '202303290912eyebrow-waxing-1213.png', '2022-12-05 06:44:58', '2023-03-29 09:12:12'),
(44, 34, '202303290912eyebrow-waxing-1214.jpg', '2022-12-05 06:44:58', '2023-03-29 09:12:12'),
(45, 34, '202212051214slide-013.jpg', '2022-12-05 06:44:58', '2022-12-05 06:44:58'),
(46, 34, '202212051214slide-021.jpg', '2022-12-05 06:44:58', '2022-12-05 06:44:58'),
(51, 36, '202303290925henna-brows-1213.jpg', '2022-12-07 04:21:41', '2023-03-29 09:25:52'),
(52, 36, '202303290925henna-brows-1214.jpg', '2022-12-07 04:21:41', '2023-03-29 09:25:52'),
(53, 36, '202212070951basic-manicure-pedicure-1213.jpg', '2022-12-07 04:21:41', '2022-12-07 04:21:41'),
(54, 36, '202212070951brow-lamination-1214.jpg', '2022-12-07 04:21:41', '2022-12-07 04:21:41'),
(55, 37, '202303290921perfect-brows-1213.jpg', '2023-03-29 09:21:03', '2023-03-29 09:21:03'),
(56, 37, '202303290921perfect-brows-1214.png', '2023-03-29 09:21:03', '2023-03-29 09:21:03'),
(57, 38, '202303290933brow-lamination-1213.jpg', '2023-03-29 09:33:05', '2023-03-29 09:33:05'),
(58, 38, '202303290933brow-lamination-1214.jpg', '2023-03-29 09:33:05', '2023-03-29 09:33:05'),
(59, 39, '202303290937party-lashes-1213.jpeg', '2023-03-29 09:37:36', '2023-03-29 09:37:36'),
(60, 39, '202303290937party-lashes-1214.jpg', '2023-03-29 09:37:36', '2023-03-29 09:37:36'),
(61, 40, '202303290949semi-per-lashes-1213.jpg', '2023-03-29 09:49:02', '2023-03-29 09:49:02'),
(62, 40, '202303290949semi-per-lashes-1214.jpg', '2023-03-29 09:49:02', '2023-03-29 09:49:02'),
(63, 41, '202303290951russian-lashes-1213.jpg', '2023-03-29 09:51:42', '2023-03-29 09:51:42'),
(64, 41, '202303290951russian-lashes-1214.jpg', '2023-03-29 09:51:42', '2023-03-29 09:51:42'),
(65, 42, '202303290954lash-lift-1213.png', '2023-03-29 09:54:06', '2023-03-29 09:54:06'),
(66, 42, '202303290954lash-lift-1214.jpg', '2023-03-29 09:54:06', '2023-03-29 09:54:06'),
(67, 43, '202303290956basic-manicure-pedicure-1213.jpg', '2023-03-29 09:56:46', '2023-03-29 09:56:46'),
(68, 43, '202303290956basic-manicure-pedicure-1214.jpg', '2023-03-29 09:56:46', '2023-03-29 09:56:46'),
(69, 44, '202303290959gel-nails-1213.jpg', '2023-03-29 09:59:20', '2023-03-29 09:59:20'),
(70, 44, '202303290959gel-nails-1214.jpg', '2023-03-29 09:59:20', '2023-03-29 09:59:20'),
(71, 45, '202303291002acrylics-1213.jpg', '2023-03-29 10:02:18', '2023-03-29 10:02:18'),
(72, 45, '202303291002acrylics-1214.jpg', '2023-03-29 10:02:18', '2023-03-29 10:02:18');

-- --------------------------------------------------------

--
-- Table structure for table `marqueemodels`
--

CREATE TABLE `marqueemodels` (
  `id` bigint(20) UNSIGNED NOT NULL,
  `textarea` text NOT NULL,
  `remember_token` varchar(100) DEFAULT NULL,
  `created_at` timestamp NULL DEFAULT NULL,
  `updated_at` timestamp NULL DEFAULT NULL
) ENGINE=InnoDB DEFAULT CHARSET=utf8mb4 COLLATE=utf8mb4_unicode_ci;

--
-- Dumping data for table `marqueemodels`
--

INSERT INTO `marqueemodels` (`id`, `textarea`, `remember_token`, `created_at`, `updated_at`) VALUES
(1, 'where are you!!..', NULL, '2022-11-18 02:18:07', '2022-12-06 02:31:58');

-- --------------------------------------------------------

--
-- Table structure for table `migrations`
--

CREATE TABLE `migrations` (
  `id` int(10) UNSIGNED NOT NULL,
  `migration` varchar(255) NOT NULL,
  `batch` int(11) NOT NULL
) ENGINE=InnoDB DEFAULT CHARSET=utf8mb4 COLLATE=utf8mb4_unicode_ci;

--
-- Dumping data for table `migrations`
--

INSERT INTO `migrations` (`id`, `migration`, `batch`) VALUES
(1, '2014_10_12_000000_create_users_table', 1),
(2, '2014_10_12_100000_create_password_resets_table', 1),
(3, '2019_08_19_000000_create_failed_jobs_table', 1),
(4, '2019_12_14_000001_create_personal_access_tokens_table', 1),
(5, '2022_11_17_064241_create_carousalmodels_table', 2),
(6, '2022_11_18_064653_create_marqueemodels_table', 3),
(7, '2022_11_18_093621_create_testimmodels_table', 4),
(8, '2022_11_19_112412_create_cardmodels_table', 5),
(9, '2022_11_22_111302_create_detailmodels_table', 6),
(10, '2022_11_24_063912_create_treatmentmodels_table', 7),
(11, '2022_11_24_113506_create_offermodels_table', 8),
(14, '2022_11_28_121213_create_gallerymodels_table', 9),
(16, '2022_12_03_045334_create_admin_logins_table', 10);

-- --------------------------------------------------------

--
-- Table structure for table `offermodels`
--

CREATE TABLE `offermodels` (
  `id` bigint(20) UNSIGNED NOT NULL,
  `branch` varchar(255) NOT NULL,
  `offers` varchar(255) NOT NULL,
  `price` varchar(255) NOT NULL,
  `created_at` timestamp NULL DEFAULT NULL,
  `updated_at` timestamp NULL DEFAULT NULL
) ENGINE=InnoDB DEFAULT CHARSET=utf8mb4 COLLATE=utf8mb4_unicode_ci;

--
-- Dumping data for table `offermodels`
--

INSERT INTO `offermodels` (`id`, `branch`, `offers`, `price`, `created_at`, `updated_at`) VALUES
(4, 'aaaaaaaaaa', 'ssssssssssssssaaaaaaaaa', 'xxxx', '2022-11-25 00:07:42', '2022-12-06 00:12:10'),
(5, 'qqqqqqq', 'wwwwwww', '$123', '2022-11-25 00:14:57', '2022-12-06 00:12:36'),
(7, 'sssssss', 'ssss', '$$$', '2022-12-06 00:11:52', '2022-12-06 00:11:52'),
(8, 'cccccc', 'cc%', '$11', '2022-12-06 00:13:07', '2022-12-06 00:13:07');

-- --------------------------------------------------------

--
-- Table structure for table `password_resets`
--

CREATE TABLE `password_resets` (
  `email` varchar(255) NOT NULL,
  `token` varchar(255) NOT NULL,
  `created_at` timestamp NULL DEFAULT NULL
) ENGINE=InnoDB DEFAULT CHARSET=utf8mb4 COLLATE=utf8mb4_unicode_ci;

-- --------------------------------------------------------

--
-- Table structure for table `personal_access_tokens`
--

CREATE TABLE `personal_access_tokens` (
  `id` bigint(20) UNSIGNED NOT NULL,
  `tokenable_type` varchar(255) NOT NULL,
  `tokenable_id` bigint(20) UNSIGNED NOT NULL,
  `name` varchar(255) NOT NULL,
  `token` varchar(64) NOT NULL,
  `abilities` text DEFAULT NULL,
  `last_used_at` timestamp NULL DEFAULT NULL,
  `created_at` timestamp NULL DEFAULT NULL,
  `updated_at` timestamp NULL DEFAULT NULL
) ENGINE=InnoDB DEFAULT CHARSET=utf8mb4 COLLATE=utf8mb4_unicode_ci;

-- --------------------------------------------------------

--
-- Table structure for table `testimmodels`
--

CREATE TABLE `testimmodels` (
  `id` bigint(20) UNSIGNED NOT NULL,
  `image` varchar(255) DEFAULT NULL,
  `name` varchar(255) DEFAULT NULL,
  `date` varchar(255) DEFAULT NULL,
  `textarea` text NOT NULL,
  `remember_token` varchar(100) DEFAULT NULL,
  `created_at` timestamp NULL DEFAULT NULL,
  `updated_at` timestamp NULL DEFAULT NULL
) ENGINE=InnoDB DEFAULT CHARSET=utf8mb4 COLLATE=utf8mb4_unicode_ci;

--
-- Dumping data for table `testimmodels`
--

INSERT INTO `testimmodels` (`id`, `image`, `name`, `date`, `textarea`, `remember_token`, `created_at`, `updated_at`) VALUES
(11, '202212060803aftercare1.jpg', 'abcd', '2022-11-01', 'https://www.facebook.com/anelia.danailova/posts/5149798965049008', NULL, '2022-11-22 00:11:21', '2022-12-07 04:40:37'),
(14, '202212060802aftercare17.jpg', 'rrrrr', '2022-12-27', 'https://www.facebook.com/Aliballybee28/posts/6805329942825670', NULL, '2022-12-06 02:32:33', '2022-12-07 04:41:16');

-- --------------------------------------------------------

--
-- Table structure for table `treatmentmodels`
--

CREATE TABLE `treatmentmodels` (
  `id` bigint(20) UNSIGNED NOT NULL,
  `category` varchar(500) NOT NULL,
  `headline` varchar(255) NOT NULL,
  `image1` varchar(1000) NOT NULL,
  `treatment` varchar(1000) NOT NULL,
  `description` text NOT NULL,
  `benefit` text NOT NULL,
  `faq` text NOT NULL,
  `created_at` timestamp NULL DEFAULT NULL,
  `updated_at` timestamp NULL DEFAULT NULL
) ENGINE=InnoDB DEFAULT CHARSET=utf8mb4 COLLATE=utf8mb4_unicode_ci;

--
-- Dumping data for table `treatmentmodels`
--

INSERT INTO `treatmentmodels` (`id`, `category`, `headline`, `image1`, `treatment`, `description`, `benefit`, `faq`, `created_at`, `updated_at`) VALUES
(32, 'brows', 'BROWS & FACE THREADING', '202303290830eyebrow-threading-11.jpg', 'Threading', 'Threading is an ancient technique of Eyebrow shaping and hair removal from various areas of face, originated in the Middle East and South Asia. It provides peach fuzz free skin and helps in finer, softer, and smoother regrowth of hair. It gives a precise shape and smooth finish to eyebrows which lasts upto five weeks. It is also gentle on the skin. Threading is a great alternative for waxing and plucking as it gives a sharp and desirable look to your eyebrows. Though many people do not know much about threading, it can be a useful regime for our eyebrow care.', '<p><b style=\"font-weight: bold; color: rgb(120, 120, 120); font-family: Roboto, sans-serif;\">Benefits of threading</b><br></p>', '<p><b style=\"font-weight: bold; color: rgb(120, 120, 120); font-family: Roboto, sans-serif;\">1. How is threading done?</b><br></p>', '2022-12-05 06:43:56', '2023-03-29 08:31:07'),
(33, 'brows', 'EYEBROW & EYELASH TINTING', '202212051214slide-013.jpg', 'Tinting', 'If you are tired of filling your eyebrows every day or have fair-coloured lashes and you are fed up with applying mascara every day, our Tinting treatment can be your perfect solution. Tinting is a completely painless, semi-permanent colouring option which gives your eyebrows and lashes a desired, long-lasting, natural, and fuller look.', '<div class=\"modal-header\" style=\"padding: 15px; border-top-left-radius: 0.3rem; border-top-right-radius: 0.3rem; color: rgb(120, 120, 120); font-family: Roboto, sans-serif;\"><h5 class=\"modal-title modal-title-black\" id=\"exampleModalLabel\" style=\"font-family: Poppins, serif; font-weight: 600; color: black; font-size: 20px;\"><p style=\"margin-bottom: 27px; font-size: 16px; line-height: 27px; color: rgb(120, 120, 120); font-family: Roboto, sans-serif; font-weight: 400;\"><b style=\"font-weight: bold;\">Benefits of Tinting</b></p><p style=\"margin-bottom: 27px; font-size: 16px; line-height: 27px; color: rgb(120, 120, 120); font-family: Roboto, sans-serif; font-weight: 400;\"></p><li style=\"color: rgb(120, 120, 120); font-family: Roboto, sans-serif; font-size: 16px; font-weight: 400;\">Tinting is a quick process to emphasize your brows or lashes</li><li style=\"color: rgb(120, 120, 120); font-family: Roboto, sans-serif; font-size: 16px; font-weight: 400;\">Tinting offers a natural yet darker and fuller look to your brows and lashes</li><li style=\"color: rgb(120, 120, 120); font-family: Roboto, sans-serif; font-size: 16px; font-weight: 400;\">If you are allergic to mascara or make-ups or if you lack time to fill your brows and lashes, Tinting can be the end of all the problems</li></h5></div>', '<p><b style=\"font-weight: bold; color: rgb(120, 120, 120); font-family: Roboto, sans-serif;\">1. How is tinting done?</b><br style=\"color: rgb(120, 120, 120); font-family: Roboto, sans-serif;\"><span style=\"color: rgb(120, 120, 120); font-family: Roboto, sans-serif;\">A.</span></p><p style=\"margin-bottom: 27px; line-height: 27px; color: rgb(120, 120, 120); font-family: Roboto, sans-serif;\">The process of Tinting is like that of the hair dye.</p><li style=\"color: rgb(120, 120, 120); font-family: Roboto, sans-serif;\">Step 1: Petroleum Jelly is applied to the skin, around the area to be tinted, to prevent the dye from staining your skin</li><li style=\"color: rgb(120, 120, 120); font-family: Roboto, sans-serif;\">Step 2: A semi-permanent dye is then custom mixed to get the desired shade for you</li><li style=\"color: rgb(120, 120, 120); font-family: Roboto, sans-serif;\">Step 3: Then the tint is applied and left for specific/ required time to achieve the right shade for you. This process can take up to 5 to 10 minutes depending on your hair type</li><p><br style=\"color: rgb(120, 120, 120); font-family: Roboto, sans-serif;\"><br style=\"color: rgb(120, 120, 120); font-family: Roboto, sans-serif;\"><b style=\"font-weight: bold; color: rgb(120, 120, 120); font-family: Roboto, sans-serif;\">2. Is there anything I need to do before my tinting treatment? (Tinting Pre-care)</b><br style=\"color: rgb(120, 120, 120); font-family: Roboto, sans-serif;\"><span style=\"color: rgb(120, 120, 120); font-family: Roboto, sans-serif;\">A.</span></p><li style=\"color: rgb(120, 120, 120); font-family: Roboto, sans-serif;\">Please make sure that you are aware of our Patch Test requirements</li><li style=\"color: rgb(120, 120, 120); font-family: Roboto, sans-serif;\">If you wear contact lenses, please bring your solution and case with you to keep your contact lenses safe, during the treatment</li><li style=\"color: rgb(120, 120, 120); font-family: Roboto, sans-serif;\">Make sure that your lashes and brows are clean and free from any residue from any oils or tanning products. This will allow your tint to be absorbed properly, giving you a stunning look</li><p><br style=\"color: rgb(120, 120, 120); font-family: Roboto, sans-serif;\"><br style=\"color: rgb(120, 120, 120); font-family: Roboto, sans-serif;\"><b style=\"font-weight: bold; color: rgb(120, 120, 120); font-family: Roboto, sans-serif;\">3. How long does tinting last?</b><br style=\"color: rgb(120, 120, 120); font-family: Roboto, sans-serif;\"><span style=\"color: rgb(120, 120, 120); font-family: Roboto, sans-serif;\">A. Tinting usually lasts up to 3 to 4 weeks which varies from person to person, depending their skincare regime, skin type and exposure to the sun which fades the pigments quickly. The tint fades away naturally and we recommend you to have a touch up every 4 weeks.</span><br style=\"color: rgb(120, 120, 120); font-family: Roboto, sans-serif;\"><br style=\"color: rgb(120, 120, 120); font-family: Roboto, sans-serif;\"><b style=\"font-weight: bold; color: rgb(120, 120, 120); font-family: Roboto, sans-serif;\">4. How old must I be to have this done?</b><br style=\"color: rgb(120, 120, 120); font-family: Roboto, sans-serif;\"><span style=\"color: rgb(120, 120, 120); font-family: Roboto, sans-serif;\">A. From age of 16+ you can receive this service.</span><br style=\"color: rgb(120, 120, 120); font-family: Roboto, sans-serif;\"><br style=\"color: rgb(120, 120, 120); font-family: Roboto, sans-serif;\"><b style=\"font-weight: bold; color: rgb(120, 120, 120); font-family: Roboto, sans-serif;\">5. What can I tint besides my eyebrows and eyelashes?</b><br style=\"color: rgb(120, 120, 120); font-family: Roboto, sans-serif;\"><span style=\"color: rgb(120, 120, 120); font-family: Roboto, sans-serif;\">A. Tinting can only be done on your eyebrows and eyelashes.</span><br style=\"color: rgb(120, 120, 120); font-family: Roboto, sans-serif;\"><br style=\"color: rgb(120, 120, 120); font-family: Roboto, sans-serif;\"><b style=\"font-weight: bold; color: rgb(120, 120, 120); font-family: Roboto, sans-serif;\">5. Can I choose my preferred colour for tinting? What if I don’t want to go too dark?</b><br style=\"color: rgb(120, 120, 120); font-family: Roboto, sans-serif;\"><span style=\"color: rgb(120, 120, 120); font-family: Roboto, sans-serif;\">A. Before starting your treatment, please let your therapist know what results you are looking for. Our therapists will offer the best advice about the shades of tint, considering your hair and skin tone. Ideally you should opt for the colour to be 1 or 2 shades lighter or darker than your natural hair colour.</span><br style=\"color: rgb(120, 120, 120); font-family: Roboto, sans-serif;\"><br style=\"color: rgb(120, 120, 120); font-family: Roboto, sans-serif;\"><b style=\"font-weight: bold; color: rgb(120, 120, 120); font-family: Roboto, sans-serif;\">6. Do I need a patch test for tinting?</b><br style=\"color: rgb(120, 120, 120); font-family: Roboto, sans-serif;\"><span style=\"color: rgb(120, 120, 120); font-family: Roboto, sans-serif;\">A.</span></p><p style=\"margin-bottom: 27px; line-height: 27px; color: rgb(120, 120, 120); font-family: Roboto, sans-serif;\">We prioritise our clients’ health and safety over anything. Therefore, you are required to do a Patch Test, 48 hours prior to the treatment.</p><p style=\"margin-bottom: 27px; line-height: 27px; color: rgb(120, 120, 120); font-family: Roboto, sans-serif;\">You are exempt only if you have undergone tinting treatment in our salons before or within the last 6 months and since then there’s been no change in your medical history.</p><p style=\"margin-bottom: 27px; line-height: 27px; color: rgb(120, 120, 120); font-family: Roboto, sans-serif;\">The patch test involves applying a small amount of dye on the back of your ear. This process takes only a few seconds. You can’t skip a patch test and we must be very strict about this for your own safety. It helps us to see whether you are allergic to any colours or not, which eliminates chances of post-treatment skin reactions which can be worse at times. You can pop into any of your nearest elegance salons/bars at any time to have this done.</p><p><br style=\"color: rgb(120, 120, 120); font-family: Roboto, sans-serif;\"><b style=\"font-weight: bold; color: rgb(120, 120, 120); font-family: Roboto, sans-serif;\">7. Is tinting suitable during pregnancy?</b><br style=\"color: rgb(120, 120, 120); font-family: Roboto, sans-serif;\"><span style=\"color: rgb(120, 120, 120); font-family: Roboto, sans-serif;\">A. We recommend clients to avoid tinting during the time of pregnancy, as a reaction from the tint is more likely to occur during pregnancy due to hormonal changes. If any reaction happens, you won’t even be able to treat this with medication, due to your pregnancy.</span><br style=\"color: rgb(120, 120, 120); font-family: Roboto, sans-serif;\"><br style=\"color: rgb(120, 120, 120); font-family: Roboto, sans-serif;\"><b style=\"font-weight: bold; color: rgb(120, 120, 120); font-family: Roboto, sans-serif;\">8. What should I do after my treatment? are there any restrictions? (Tinting aftercare)</b><br style=\"color: rgb(120, 120, 120); font-family: Roboto, sans-serif;\"><span style=\"color: rgb(120, 120, 120); font-family: Roboto, sans-serif;\">A.&nbsp;</span><b style=\"font-weight: bold; color: rgb(120, 120, 120); font-family: Roboto, sans-serif;\">Tinting aftercare</b><span style=\"color: rgb(120, 120, 120); font-family: Roboto, sans-serif;\"></span></p><ul style=\"color: rgb(120, 120, 120); font-family: Roboto, sans-serif;\"><li>Avoid eye make up for 12 hours</li><li>Avoid touching or rubbing your eyes straight after the treatment</li><li>For 24 hours post-treatment, please avoid sauna, swimming, and sunbeds</li><li>Use oil free products around the eye area to prolong the stay of the colour</li><li>If any redness or irritation occurs, apply a damp cotton wool cold compress. If symptoms persist more than 24 hours, please seek medical advice</li></ul>', '2022-12-05 06:44:25', '2023-03-29 09:06:52'),
(34, 'brows', 'BROWS & FACE WAXING', '202212051214slide-03.jpg', 'Waxing', 'Waxing is a safe method of temporarily removing unwanted hair, which lasts up to 6 weeks. Waxing produces smoother result as it removes the hair from its roots, resulting in slower regrowth unlike shaving where the hair comes back faster.', '<p style=\"margin-bottom: 27px; line-height: 27px; color: rgb(120, 120, 120); font-family: Roboto, sans-serif;\"><b style=\"font-weight: bold;\">What are the benefits of Waxing?</b></p><p style=\"margin-bottom: 27px; line-height: 27px; color: rgb(120, 120, 120); font-family: Roboto, sans-serif;\"></p><li style=\"color: rgb(120, 120, 120); font-family: Roboto, sans-serif;\">Waxing is a safe method of temporarily removing unwanted hair, which lasts up to 6 weeks. Waxing produces smoother result as it removes the hair from its roots, resulting in slower regrowth unlike shaving where the hair comes back faster.</li><li style=\"color: rgb(120, 120, 120); font-family: Roboto, sans-serif;\">Waxing makes hair finer when they re-grow</li><li style=\"color: rgb(120, 120, 120); font-family: Roboto, sans-serif;\">As minimum chemicals are used during the waxing treatment, it rarely causes skin irritation or allergies</li><li style=\"color: rgb(120, 120, 120); font-family: Roboto, sans-serif;\">Waxing removes hair from their roots providing a smooth, exfoliated skin and longer lasting results. Therefore, it is always a better option than shaving as you may know that shaving makes the skin rough and stubbly</li>', '<p><b style=\"font-weight: bold; color: rgb(120, 120, 120); font-family: Roboto, sans-serif;\">1. How is Waxing done?</b><br style=\"color: rgb(120, 120, 120); font-family: Roboto, sans-serif;\"><span style=\"color: rgb(120, 120, 120); font-family: Roboto, sans-serif;\">A. Waxing is done by using two types of methods, which is warm wax and hot wax. In warm waxing, a paper strip is applied and pressed firmly in the area to be waxed, adhering the strip to the wax. Then the strip is removed bringing out both the wax and the hair. The hot waxing method is performed in the same way, only without the usage of the paper strips. The wax is self-setting and therefore, once it’s cool and hard, the therapist removes it along with the hair.</span><br style=\"color: rgb(120, 120, 120); font-family: Roboto, sans-serif;\"><br style=\"color: rgb(120, 120, 120); font-family: Roboto, sans-serif;\"><b style=\"font-weight: bold; color: rgb(120, 120, 120); font-family: Roboto, sans-serif;\">2. Is there anything I need to do before my waxing treatment? (Waxing Pre-care)</b><br style=\"color: rgb(120, 120, 120); font-family: Roboto, sans-serif;\"><span style=\"color: rgb(120, 120, 120); font-family: Roboto, sans-serif;\">A.</span></p><li style=\"color: rgb(120, 120, 120); font-family: Roboto, sans-serif;\">We suggest that you exfoliate the place to be waxed, a day before your waxing appointment. It softens your skin and prevents ingrown hair</li><li style=\"color: rgb(120, 120, 120); font-family: Roboto, sans-serif;\">Please do not apply any moisturisers or lotions in the place to be waxed, on the day of your treatment</li><li style=\"color: rgb(120, 120, 120); font-family: Roboto, sans-serif;\">If you are having an under-arm waxing, please try to use a deodorant with anti-perspirant which allows the hair to come out easily</li><li style=\"color: rgb(120, 120, 120); font-family: Roboto, sans-serif;\">Try to have a bath or shower one day prior to your treatment, to open follicles allowing easy hair removal</li><p><br style=\"color: rgb(120, 120, 120); font-family: Roboto, sans-serif;\"><br style=\"color: rgb(120, 120, 120); font-family: Roboto, sans-serif;\"><b style=\"font-weight: bold; color: rgb(120, 120, 120); font-family: Roboto, sans-serif;\">3. How long should my hair need to be for waxing?</b><br style=\"color: rgb(120, 120, 120); font-family: Roboto, sans-serif;\"><span style=\"color: rgb(120, 120, 120); font-family: Roboto, sans-serif;\">A. For an easy and safe waxing treatment, your hair must be ¼ inches long. If the hair is too short it will be difficult to remove. Also, if you have shaved recently for a quick hair removal, please allow at least 10 days for hair regrowth to perform the waxing treatment.</span><br style=\"color: rgb(120, 120, 120); font-family: Roboto, sans-serif;\"><br style=\"color: rgb(120, 120, 120); font-family: Roboto, sans-serif;\"><b style=\"font-weight: bold; color: rgb(120, 120, 120); font-family: Roboto, sans-serif;\">4. How long does waxing result last?</b><br style=\"color: rgb(120, 120, 120); font-family: Roboto, sans-serif;\"><span style=\"color: rgb(120, 120, 120); font-family: Roboto, sans-serif;\">A. The lasting time of the waxing treatment will vary from person to person depending on their hair growth. Usually, you can expect the results to last between 3 to 5 weeks. You will see a longer lasting effect with repeated waxing treatments. We recommend undergoing waxing treatments in every 4 weeks.</span><br style=\"color: rgb(120, 120, 120); font-family: Roboto, sans-serif;\"><br style=\"color: rgb(120, 120, 120); font-family: Roboto, sans-serif;\"><b style=\"font-weight: bold; color: rgb(120, 120, 120); font-family: Roboto, sans-serif;\">5. Will my hair re-growth be thicker with waxing treatments?</b><br style=\"color: rgb(120, 120, 120); font-family: Roboto, sans-serif;\"><span style=\"color: rgb(120, 120, 120); font-family: Roboto, sans-serif;\">A. No, with consistent waxing treatments you will notice your hair re-growth has become finer and slower.</span><br style=\"color: rgb(120, 120, 120); font-family: Roboto, sans-serif;\"><br style=\"color: rgb(120, 120, 120); font-family: Roboto, sans-serif;\"><b style=\"font-weight: bold; color: rgb(120, 120, 120); font-family: Roboto, sans-serif;\">5. I’m pregnant. Is waxing suitable for me?</b><br style=\"color: rgb(120, 120, 120); font-family: Roboto, sans-serif;\"><span style=\"color: rgb(120, 120, 120); font-family: Roboto, sans-serif;\">A. Yes, you can undergo waxing treatments during pregnancy as well. But if you are to undergo an intimate waxing treatment, we recommend that you do this after your first trimester.</span><br style=\"color: rgb(120, 120, 120); font-family: Roboto, sans-serif;\"><br style=\"color: rgb(120, 120, 120); font-family: Roboto, sans-serif;\"><b style=\"font-weight: bold; color: rgb(120, 120, 120); font-family: Roboto, sans-serif;\">6. Is waxing safe for sensitive skin?</b><br style=\"color: rgb(120, 120, 120); font-family: Roboto, sans-serif;\"><span style=\"color: rgb(120, 120, 120); font-family: Roboto, sans-serif;\">A. Waxing is gentler on the skin compared to other hair removal methods like shaving. If you have sensitive skin, it’s very important to follow the pre/aftercare instructions provided in this page. We also provide laser hair removal as another safe option, which lasts longer (between 3-4 years with proper maintenance). Please speak to our highly experienced and knowledgeable therapists if you need any further advice regarding this issue.</span><br style=\"color: rgb(120, 120, 120); font-family: Roboto, sans-serif;\"><br style=\"color: rgb(120, 120, 120); font-family: Roboto, sans-serif;\"><b style=\"font-weight: bold; color: rgb(120, 120, 120); font-family: Roboto, sans-serif;\">7. If you have the following conditions or taking following medication or had treatments done for following issues, unfortunately we won’t be able to do waxing for your own safety.</b><br style=\"color: rgb(120, 120, 120); font-family: Roboto, sans-serif;\"><span style=\"color: rgb(120, 120, 120); font-family: Roboto, sans-serif;\">A.</span></p><ul style=\"color: rgb(120, 120, 120); font-family: Roboto, sans-serif;\"><li>Active herpes outbreak</li><li>Sunburn on the area to be waxed</li><li>Chemical peel within the last 10 days</li><li>Use of retinol on the area to be treated within last 3 days</li><li>Acne medication such as Accutane within the last 6 months</li><li>Eczema, psoriasis, dermatitis, or varicose veins in the area to be treated</li></ul><p><br style=\"color: rgb(120, 120, 120); font-family: Roboto, sans-serif;\"><br style=\"color: rgb(120, 120, 120); font-family: Roboto, sans-serif;\"><b style=\"font-weight: bold; color: rgb(120, 120, 120); font-family: Roboto, sans-serif;\">8. What should I do after my waxing treatment? are there any restriction? (Waxing aftercare)</b><br style=\"color: rgb(120, 120, 120); font-family: Roboto, sans-serif;\"><span style=\"color: rgb(120, 120, 120); font-family: Roboto, sans-serif;\">A.</span></p><li style=\"color: rgb(120, 120, 120); font-family: Roboto, sans-serif;\">We recommend that you wear clean and lose-fit clothes after your waxing treatment</li><li style=\"color: rgb(120, 120, 120); font-family: Roboto, sans-serif;\">Please apply the products recommended by your therapist</li><li style=\"color: rgb(120, 120, 120); font-family: Roboto, sans-serif;\">For at least 24 hours after your treatment, please avoid perfumed products or deodorants, direct sunlight or fake tan, chlorinated water, steam and make up. It can cause irritation and inflammation in your skin.</li><li style=\"color: rgb(120, 120, 120); font-family: Roboto, sans-serif;\">For at least 24 hours after your treatment, please avoid perfumed products or deodorants, direct sunlight or fake tan, chlorinated water, steam and make up. It can cause irritation and inflammation in your skin</li><li style=\"color: rgb(120, 120, 120); font-family: Roboto, sans-serif;\">Avoid exercising for 24 hours as sweat may cause itchiness in the skin</li><li style=\"color: rgb(120, 120, 120); font-family: Roboto, sans-serif;\">If any irritation occurs apply a cool cotton wool compress in the area. If these symptoms persist more than 24 hours, please seek medical advice.</li><li></li>', '2022-12-05 06:44:58', '2023-03-29 09:12:12'),
(36, 'brows', 'HENNA BROWS', '202303290925henna-brows-11.jpg', 'Henna Brows', '‘Henna brows’ is a popular form of eyebrow tinting, which is used to stain the skin beneath the brow hairs. The purpose of this treatment is to cast a shadow or create an illusion of depth and fullness in the area, filling in any visual sparseness. It is a non-invasive, non-permanent brow treatment that will transform the look of your brows.\r\n\r\nHenna is a natural dye made from a plant, known as Hina or the Henna tree. Henna has been around since the ancient Egyptian time, when it was used for many different purposes such as dyeing hair, clothes, fabrics, and as make up.', '<p style=\"margin-bottom: 27px; line-height: 27px; color: rgb(120, 120, 120); font-family: Roboto, sans-serif;\"><b style=\"font-weight: bold;\">What are the benefits of Henna Brows?</b></p><ul style=\"color: rgb(120, 120, 120); font-family: Roboto, sans-serif;\"><li>Henna is a safe and natural alternative to tints and dyes</li><li>It is vegan friendly and free from peroxide activators, which makes it a suitable option for anyone with a sensitive skin</li><li>Henna is a natural product and therefore, it usually produces long-lasting result</li><li>Henna provides better definition to your eyebrows</li><li>It is more effective for staining the skin as compared to other forms of eyebrow tinting</li><li>Henna Brows will appear as more matte and fluffier than regular tinting</li></ul>', '<p><b style=\"font-weight: bold; color: rgb(120, 120, 120); font-family: Roboto, sans-serif;\">1. How is it done?</b><br style=\"color: rgb(120, 120, 120); font-family: Roboto, sans-serif;\"><span style=\"color: rgb(120, 120, 120); font-family: Roboto, sans-serif;\">A. At first, henna powder and demineralised water are mixed in an accurate proportion to create a paste, which is then applied through the shape of your eyebrows and allowed to soak into the skin for 10 to 15 minutes. To give an ombré effect, less intensity is applied at the beginning of the brow, with more strength applied in the arch and the tail.</span><br style=\"color: rgb(120, 120, 120); font-family: Roboto, sans-serif;\"><br style=\"color: rgb(120, 120, 120); font-family: Roboto, sans-serif;\"><b style=\"font-weight: bold; color: rgb(120, 120, 120); font-family: Roboto, sans-serif;\">2. How Long Henna Brows last?</b><br style=\"color: rgb(120, 120, 120); font-family: Roboto, sans-serif;\"><span style=\"color: rgb(120, 120, 120); font-family: Roboto, sans-serif;\">A. Henna brows can stain the skin, giving you tinted hairs for up to 6 weeks and a tint on the skin can last anywhere from 2 to 10 days.</span><br style=\"color: rgb(120, 120, 120); font-family: Roboto, sans-serif;\"><br style=\"color: rgb(120, 120, 120); font-family: Roboto, sans-serif;\"><b style=\"font-weight: bold; color: rgb(120, 120, 120); font-family: Roboto, sans-serif;\">3. Does it hurt?</b><br style=\"color: rgb(120, 120, 120); font-family: Roboto, sans-serif;\"><span style=\"color: rgb(120, 120, 120); font-family: Roboto, sans-serif;\">A. Not at all. Most of our clients find the service relaxing, soothing and stress releasing.</span><br style=\"color: rgb(120, 120, 120); font-family: Roboto, sans-serif;\"><br style=\"color: rgb(120, 120, 120); font-family: Roboto, sans-serif;\"><b style=\"font-weight: bold; color: rgb(120, 120, 120); font-family: Roboto, sans-serif;\">4. Do you need a patch test for Henna Brows?</b><br style=\"color: rgb(120, 120, 120); font-family: Roboto, sans-serif;\"><span style=\"color: rgb(120, 120, 120); font-family: Roboto, sans-serif;\">A. For Henna Bows, a Patch test is mandatory 48 hours prior to the service. if you don’t have a patch test or service history in our system (registered with your name) within last six months or if you have had any change in your medical history since your last Henna Brow treatment, you are required to have a patch test for your own safety. If you do not meet these conditions, salon won’t be able to proceed with the treatment.</span><br style=\"color: rgb(120, 120, 120); font-family: Roboto, sans-serif;\"><br style=\"color: rgb(120, 120, 120); font-family: Roboto, sans-serif;\"><b style=\"font-weight: bold; color: rgb(120, 120, 120); font-family: Roboto, sans-serif;\">5. How do you do the Henna Brow patch test?</b><br style=\"color: rgb(120, 120, 120); font-family: Roboto, sans-serif;\"><span style=\"color: rgb(120, 120, 120); font-family: Roboto, sans-serif;\">A. After mixing a bit of henna powder with water in proper proportion, we apply a small dot of the mixture in the back of the ear of our client, to see whether the colour is causing any reaction to our client’s skin or not. Then after 15 to 20 minutes we ask the client to rinse the colour off with water.</span><br style=\"color: rgb(120, 120, 120); font-family: Roboto, sans-serif;\"><br style=\"color: rgb(120, 120, 120); font-family: Roboto, sans-serif;\"><b style=\"font-weight: bold; color: rgb(120, 120, 120); font-family: Roboto, sans-serif;\">5. What\'s the difference between regular tint and Henna Brows?</b><br style=\"color: rgb(120, 120, 120); font-family: Roboto, sans-serif;\"><span style=\"color: rgb(120, 120, 120); font-family: Roboto, sans-serif;\">A. Regular eyebrow tint will only colour the hairs and last anywhere from 2 to 4 weeks. Whereas Henna Brows produce longer lasting results, lasting up to 6 weeks on the hairs. it also tints the skin which gives a better shape and fuller look to your brows.</span><br style=\"color: rgb(120, 120, 120); font-family: Roboto, sans-serif;\"><br style=\"color: rgb(120, 120, 120); font-family: Roboto, sans-serif;\"><b style=\"font-weight: bold; color: rgb(120, 120, 120); font-family: Roboto, sans-serif;\">6. How often should you do Henna Brows?</b><br style=\"color: rgb(120, 120, 120); font-family: Roboto, sans-serif;\"><span style=\"color: rgb(120, 120, 120); font-family: Roboto, sans-serif;\">A. We recommend our clients to undergo the treatment every 3 weeks to keep their Henna Brows on point and maintain a fleek look. The more frequently you will undergo the treatment, the longer the skin stain will last.</span><br style=\"color: rgb(120, 120, 120); font-family: Roboto, sans-serif;\"><br style=\"color: rgb(120, 120, 120); font-family: Roboto, sans-serif;\"><b style=\"font-weight: bold; color: rgb(120, 120, 120); font-family: Roboto, sans-serif;\">7. Can I get Henna Brows on my micro bladed eyebrows?</b><br style=\"color: rgb(120, 120, 120); font-family: Roboto, sans-serif;\"><span style=\"color: rgb(120, 120, 120); font-family: Roboto, sans-serif;\">A. Yes, if your microblading is fully healed, you can undergo Henna Brows treatment.</span><br style=\"color: rgb(120, 120, 120); font-family: Roboto, sans-serif;\"><br style=\"color: rgb(120, 120, 120); font-family: Roboto, sans-serif;\"><b style=\"font-weight: bold; color: rgb(120, 120, 120); font-family: Roboto, sans-serif;\">8. How long should I wait to get Henna brows after my last eyebrow tint?</b><br style=\"color: rgb(120, 120, 120); font-family: Roboto, sans-serif;\"><span style=\"color: rgb(120, 120, 120); font-family: Roboto, sans-serif;\">A. About 4 weeks after your last brow tint. We suggest this interval to avoid any reaction that the Brow Henna can cause with the chemicals from the brow tint.</span><br style=\"color: rgb(120, 120, 120); font-family: Roboto, sans-serif;\"><br style=\"color: rgb(120, 120, 120); font-family: Roboto, sans-serif;\"><b style=\"font-weight: bold; color: rgb(120, 120, 120); font-family: Roboto, sans-serif;\">9. How far in advance should I get Brow Henna done before an event?</b><br style=\"color: rgb(120, 120, 120); font-family: Roboto, sans-serif;\"><span style=\"color: rgb(120, 120, 120); font-family: Roboto, sans-serif;\">A. We always suggest getting Brow Henna done at least 24 hours in advance of any event. The more time you have the better result you will see. 24 hours is just the minimum to ensure enough time is given to keep them dry before having shower or applying makeup. If you’re also having your brows shaped it gives more than enough time for any redness to go away.</span><br style=\"color: rgb(120, 120, 120); font-family: Roboto, sans-serif;\"><br style=\"color: rgb(120, 120, 120); font-family: Roboto, sans-serif;\"><b style=\"font-weight: bold; color: rgb(120, 120, 120); font-family: Roboto, sans-serif;\">10. Can I get Henna brows done for my holidays?</b><br style=\"color: rgb(120, 120, 120); font-family: Roboto, sans-serif;\"><span style=\"color: rgb(120, 120, 120); font-family: Roboto, sans-serif;\">A. Brow Henna needs at least 24 hours before being exposed to water. Make sure you book your appointment in advance. Exposure to swimming &amp; sweating in the sun may cause the Brow Henna to fade faster than normal.</span><br style=\"color: rgb(120, 120, 120); font-family: Roboto, sans-serif;\"><br style=\"color: rgb(120, 120, 120); font-family: Roboto, sans-serif;\"><b style=\"font-weight: bold; color: rgb(120, 120, 120); font-family: Roboto, sans-serif;\">11. What should I do after my Henna Brows treatment? Are there any restrictions? (After Care)</b><br style=\"color: rgb(120, 120, 120); font-family: Roboto, sans-serif;\"><span style=\"color: rgb(120, 120, 120); font-family: Roboto, sans-serif;\">A.</span></p><ul style=\"color: rgb(120, 120, 120); font-family: Roboto, sans-serif;\"><li>Do not rub the area treated</li><li>Avoid heat treatments for 24 hours</li><li>Do not apply brow make-up for at least 24 hours after your treatment</li><li>Avoid sunbathing for 24 hours, as this can cause the tint to fad</li><li>Avoid swimming/saunas for at least 24 hours post-treatment</li><li>Avoid perfumed products in the area treated for at least 24 hours after your treatment</li><li>Please note that oil based make up remover can cause the tint to fade away quicker than usual</li><li>Exposure to the sun/UV lights for long period can cause the tint to fade away quicker than usual</li></ul>', '2022-12-07 04:21:41', '2023-03-29 09:25:52'),
(37, 'brows', 'HI DEFINITION PERFECT BROWS', '202303290921perfect-brows-11.jpg', 'Perfect Brows', 'Hi-Definition Perfect Brows is a five-step procedure exclusively customised for our beloved clients. It involves a combination of techniques including deciding the suitability of the brow shape according to your face, mapping of the brows to make them as even as possible, threading, waxing, and tinting. The whole process gives you a defined, sharp, and prominent brow, yet a natural finish.', '<p style=\"margin-bottom: 27px; line-height: 27px; color: rgb(120, 120, 120); font-family: Roboto, sans-serif;\"><b style=\"font-weight: bold;\">What are the benefits of Perfect Brows?</b></p><ul style=\"color: rgb(120, 120, 120); font-family: Roboto, sans-serif;\"><li>If you are looking to reshape your eyebrows, this treatment is a precise procedure to give you the desired shape.</li><li>If your eyebrows are uneven or sparse and you want them to be thicker, Hi-definition Perfect Brows, is definitely for you.</li><li>If you have mistakenly over plucked your brows and looking to achieve the perfect shape, this treatment can surely satisfy you.</li></ul>', '<p><b style=\"font-weight: bold; color: rgb(120, 120, 120); font-family: Roboto, sans-serif;\">1. How is the Perfect Brows treatment done?</b><br style=\"color: rgb(120, 120, 120); font-family: Roboto, sans-serif;\"><span style=\"color: rgb(120, 120, 120); font-family: Roboto, sans-serif;\">A. At the beginning of the treatment your therapist will go through a consultation with you to discuss your demands and the final outcome you are looking to achieve. Then she will custom mix the tint to a suitable colour, according to your skin tone and hair colour and then apply that gently. Then she will measure your eyebrows and map them out as evenly as possible, using our quad ratio before waxing and threading. The treatment will be finished off with applying make up for a subtle and natural finish.</span><br style=\"color: rgb(120, 120, 120); font-family: Roboto, sans-serif;\"><br style=\"color: rgb(120, 120, 120); font-family: Roboto, sans-serif;\"><b style=\"font-weight: bold; color: rgb(120, 120, 120); font-family: Roboto, sans-serif;\">2. 2. Is there anything I need to do before my treatment? (Pre-care)</b><br style=\"color: rgb(120, 120, 120); font-family: Roboto, sans-serif;\"><span style=\"color: rgb(120, 120, 120); font-family: Roboto, sans-serif;\">A.</span></p><ul style=\"color: rgb(120, 120, 120); font-family: Roboto, sans-serif;\"><li>Avoid applying any tanning product or make up on your eyebrows.</li><li>Avoid sun exposure for 48 hours prior to your scheduled treatment.</li><li>To achieve the best result with this treatment, you should at least grow your brows for a minimum of 3 to 4 weeks.</li></ul><p><br style=\"color: rgb(120, 120, 120); font-family: Roboto, sans-serif;\"><br style=\"color: rgb(120, 120, 120); font-family: Roboto, sans-serif;\"><b style=\"font-weight: bold; color: rgb(120, 120, 120); font-family: Roboto, sans-serif;\">3. How old should I be to have this treatment done?</b><br style=\"color: rgb(120, 120, 120); font-family: Roboto, sans-serif;\"><span style=\"color: rgb(120, 120, 120); font-family: Roboto, sans-serif;\">A. From age of 16+ you can undergo this treatment.</span><br style=\"color: rgb(120, 120, 120); font-family: Roboto, sans-serif;\"><br style=\"color: rgb(120, 120, 120); font-family: Roboto, sans-serif;\"><b style=\"font-weight: bold; color: rgb(120, 120, 120); font-family: Roboto, sans-serif;\">4. How long do Perfect Brows last for?</b><br style=\"color: rgb(120, 120, 120); font-family: Roboto, sans-serif;\"><span style=\"color: rgb(120, 120, 120); font-family: Roboto, sans-serif;\">A. Perfect brows can last between 3 to 5 weeks. We recommend that you leave at least 4 weeks between your visits to allow brow regrowth and to maintain your brows.</span><br style=\"color: rgb(120, 120, 120); font-family: Roboto, sans-serif;\"><br style=\"color: rgb(120, 120, 120); font-family: Roboto, sans-serif;\"><b style=\"font-weight: bold; color: rgb(120, 120, 120); font-family: Roboto, sans-serif;\">5. How often should I do this treatment?</b><br style=\"color: rgb(120, 120, 120); font-family: Roboto, sans-serif;\"><span style=\"color: rgb(120, 120, 120); font-family: Roboto, sans-serif;\">A. We recommend that you should do this treatment in every 4 to 5 weeks, allowing natural eyebrow regrowth, which gives you the best result.</span><br style=\"color: rgb(120, 120, 120); font-family: Roboto, sans-serif;\"><br style=\"color: rgb(120, 120, 120); font-family: Roboto, sans-serif;\"><b style=\"font-weight: bold; color: rgb(120, 120, 120); font-family: Roboto, sans-serif;\">6. Do I need a patch test for this treatment?</b><br style=\"color: rgb(120, 120, 120); font-family: Roboto, sans-serif;\"><span style=\"color: rgb(120, 120, 120); font-family: Roboto, sans-serif;\">A. Yes, Patch test is mandatory, if you have not had a tinting treatment with us within the last 6 months, or if there is any change in your medical history since your last visit. Patch test should be done 48 hours prior to your scheduled treatment.</span><br style=\"color: rgb(120, 120, 120); font-family: Roboto, sans-serif;\"><br style=\"color: rgb(120, 120, 120); font-family: Roboto, sans-serif;\"><b style=\"font-weight: bold; color: rgb(120, 120, 120); font-family: Roboto, sans-serif;\">7. I’m pregnant, is this suitable for me?</b><br style=\"color: rgb(120, 120, 120); font-family: Roboto, sans-serif;\"><span style=\"color: rgb(120, 120, 120); font-family: Roboto, sans-serif;\">A. Yes, this treatment is suitable for you. We still advise to carry out a patch test before the treatment due to health and safety guidelines. It helps us identify any reaction that might happen due to the expected hormonal changes during your pregnancy.</span><br style=\"color: rgb(120, 120, 120); font-family: Roboto, sans-serif;\"><br style=\"color: rgb(120, 120, 120); font-family: Roboto, sans-serif;\"><b style=\"font-weight: bold; color: rgb(120, 120, 120); font-family: Roboto, sans-serif;\">8. How long does this treatment take?</b><br style=\"color: rgb(120, 120, 120); font-family: Roboto, sans-serif;\"><span style=\"color: rgb(120, 120, 120); font-family: Roboto, sans-serif;\">A. Your treatment will usually take around 30 to 40 minutes.</span><br style=\"color: rgb(120, 120, 120); font-family: Roboto, sans-serif;\"><br style=\"color: rgb(120, 120, 120); font-family: Roboto, sans-serif;\"><b style=\"font-weight: bold; color: rgb(120, 120, 120); font-family: Roboto, sans-serif;\">9. What should I be doing after my treatment, are there any restrictions? Aftercare</b><br style=\"color: rgb(120, 120, 120); font-family: Roboto, sans-serif;\"><span style=\"color: rgb(120, 120, 120); font-family: Roboto, sans-serif;\">A.</span></p><ul style=\"color: rgb(120, 120, 120); font-family: Roboto, sans-serif;\"><li>Avoid prolonged sun exposure, the usage of sunbeds, swimming, sauna, and steam for 48 hours</li><li>Avoid exfoliating and usage of perfumed products for 3 days post-treatment</li><li>No tanning products or make up should be applied on the area for 24 hours post-treatment</li><li>Avoid using harsh cleansing products as this can fade the colour of the tint</li><li>Do not tweeze in between appointments. Please allow regrowth for your next appointment to achieve the best result</li></ul>', '2023-03-29 09:21:03', '2023-03-29 09:21:03'),
(38, 'brows', 'BROW LAMINATION', '202303290933brow-lamination-11.jpg', 'Brow Lamination', 'Eyebrow Lamination is a relatively new treatment method that focuses on creating shiny, smooth, and gorgeous brows. It is also called as “eyebrow perm”. The high-shine or glossy effect is sought after by those who may be experiencing thinning or unruly brows. As a semi-permanent procedure, Eyebrow Lamination may be a good fit if you want to keep your brows styled in a certain way but are tired of using eyebrow gel every day. Overall, Brow Lamination makes your brows look thicker and fuller. It pulls the hairs up vertically, which may also make it look like that you are experiencing new growth.', '<p style=\"margin-bottom: 27px; line-height: 27px; color: rgb(120, 120, 120); font-family: Roboto, sans-serif;\"><b style=\"font-weight: bold;\">What are the benefits of Brow Lamination?</b></p><p style=\"margin-bottom: 27px; line-height: 27px; color: rgb(120, 120, 120); font-family: Roboto, sans-serif;\"></p><ul style=\"color: rgb(120, 120, 120); font-family: Roboto, sans-serif;\"><li>It can stop thinning hair that may occur with age</li><li>It can fill the gaps in your brows, created from overplucking or over waxing in the past</li><li>It can be a solution to the unruly hairs that tend to go to different directions despite brushing them</li><li>It can be effective if your brows lack a shape or evenness</li></ul><p><span style=\"color: rgb(120, 120, 120); font-family: Roboto, sans-serif;\">Overall, brow lamination is said to make brows look thicker and fuller. Pulling the hairs up vertically may also make it look like you are experiencing new growth.</span><br></p>', '<p><b style=\"font-weight: bold; color: rgb(120, 120, 120); font-family: Roboto, sans-serif;\">1. How is it done?</b><br style=\"color: rgb(120, 120, 120); font-family: Roboto, sans-serif;\"><span style=\"color: rgb(120, 120, 120); font-family: Roboto, sans-serif;\">A. Brow Lamination involves straightening and lifting the brow hairs using a chemical solution, which allows the hairs to have more flexibility to move into your desired shape/ direction. Thus, it also covers any gaps or stray areas. After your natural brow hairs are straightened, a fixing solution is applied to keep the hairs straight, as well as a tint is applied if desired. The result is fuller-looking brows that stay in a place when brushed into shape.</span><br style=\"color: rgb(120, 120, 120); font-family: Roboto, sans-serif;\"><br style=\"color: rgb(120, 120, 120); font-family: Roboto, sans-serif;\"><b style=\"font-weight: bold; color: rgb(120, 120, 120); font-family: Roboto, sans-serif;\">2. How Long does brow lamination last?</b><br style=\"color: rgb(120, 120, 120); font-family: Roboto, sans-serif;\"><span style=\"color: rgb(120, 120, 120); font-family: Roboto, sans-serif;\">A. The result should last until your brow hairs grow out, which is usually about six weeks.</span><br style=\"color: rgb(120, 120, 120); font-family: Roboto, sans-serif;\"><br style=\"color: rgb(120, 120, 120); font-family: Roboto, sans-serif;\"><b style=\"font-weight: bold; color: rgb(120, 120, 120); font-family: Roboto, sans-serif;\">3. Do different skin types react differently to Brow Lamination?</b><br style=\"color: rgb(120, 120, 120); font-family: Roboto, sans-serif;\"><span style=\"color: rgb(120, 120, 120); font-family: Roboto, sans-serif;\">A. Brow lamination is great for all skin types! If you have oily skin, you may experience a slight decrease in lasting period, due to the excess oil production in your skin.</span><br style=\"color: rgb(120, 120, 120); font-family: Roboto, sans-serif;\"><br style=\"color: rgb(120, 120, 120); font-family: Roboto, sans-serif;\"><b style=\"font-weight: bold; color: rgb(120, 120, 120); font-family: Roboto, sans-serif;\">4. Does it hurt?</b><br style=\"color: rgb(120, 120, 120); font-family: Roboto, sans-serif;\"><span style=\"color: rgb(120, 120, 120); font-family: Roboto, sans-serif;\">A. There is no discomfort at all associated with the procedure.</span><br style=\"color: rgb(120, 120, 120); font-family: Roboto, sans-serif;\"><br style=\"color: rgb(120, 120, 120); font-family: Roboto, sans-serif;\"><b style=\"font-weight: bold; color: rgb(120, 120, 120); font-family: Roboto, sans-serif;\">5. Do you need a patch test for brow lamination?</b><br style=\"color: rgb(120, 120, 120); font-family: Roboto, sans-serif;\"><span style=\"color: rgb(120, 120, 120); font-family: Roboto, sans-serif;\">A. A Patch test is mandatory 48 hours prior to this service. if you don\'t have a patch test or service history in our system (registered with your name) within last six months or if you have had any change in your medical history since your most recent Brow Lamination treatment, you are required to have a patch test for your own safety. If you do not meet these conditions, salon won’t be able to proceed with the treatment.</span><br style=\"color: rgb(120, 120, 120); font-family: Roboto, sans-serif;\"><br style=\"color: rgb(120, 120, 120); font-family: Roboto, sans-serif;\"><b style=\"font-weight: bold; color: rgb(120, 120, 120); font-family: Roboto, sans-serif;\">5. Are there any reasons why brow lamination may not be advisable to me?</b><br style=\"color: rgb(120, 120, 120); font-family: Roboto, sans-serif;\"><span style=\"color: rgb(120, 120, 120); font-family: Roboto, sans-serif;\">A. Contraindications for Brow Lamination includes but are not limited to: psoriasis/eczema, recent eye surgery, alopecia, recent permanent make up (must be healed by 6 weeks), sunburn, ultra-sensitive skin, blood thinners, pink eye, pregnancy/nursing; usage of retinol, Accutane, AHA, BHA etc: or if you have naturally curly brows.</span><br style=\"color: rgb(120, 120, 120); font-family: Roboto, sans-serif;\"><br style=\"color: rgb(120, 120, 120); font-family: Roboto, sans-serif;\"><b style=\"font-weight: bold; color: rgb(120, 120, 120); font-family: Roboto, sans-serif;\">6. Can I get Brow lamination on my micro bladed eyebrows?</b><br style=\"color: rgb(120, 120, 120); font-family: Roboto, sans-serif;\"><span style=\"color: rgb(120, 120, 120); font-family: Roboto, sans-serif;\">A. Yes, if your microblading is fully healed you can undergo Brow Lamination.</span><br style=\"color: rgb(120, 120, 120); font-family: Roboto, sans-serif;\"><br style=\"color: rgb(120, 120, 120); font-family: Roboto, sans-serif;\"><b style=\"font-weight: bold; color: rgb(120, 120, 120); font-family: Roboto, sans-serif;\">7. How long does brow lamination take?</b><br style=\"color: rgb(120, 120, 120); font-family: Roboto, sans-serif;\"><span style=\"color: rgb(120, 120, 120); font-family: Roboto, sans-serif;\">A. Brow lamination takes approximately 45 minutes.</span><br style=\"color: rgb(120, 120, 120); font-family: Roboto, sans-serif;\"><br style=\"color: rgb(120, 120, 120); font-family: Roboto, sans-serif;\"><b style=\"font-weight: bold; color: rgb(120, 120, 120); font-family: Roboto, sans-serif;\">8. What should I do after my Brow Lamination treatments? What are the restrictions? (After Care)</b><br style=\"color: rgb(120, 120, 120); font-family: Roboto, sans-serif;\"><span style=\"color: rgb(120, 120, 120); font-family: Roboto, sans-serif;\">A.</span></p><ul style=\"color: rgb(120, 120, 120); font-family: Roboto, sans-serif;\"><li>Following your Brow Lamination treatment, we recommend you to repeat the treatment in every 6 to 8 weeks, depending on your desired look</li><li>If you had a brow tint as part of the treatment, you could return every 2 to 4 weeks for a top up to keep your brows perfect and on-point</li><p style=\"margin-bottom: 27px; line-height: 27px;\">For optimum results, please follow the below:</p><li>For the first 24 hours after the treatment, brows should be treated with care. We recommend not touching the hairs to ensure that they stay in the right direction.</li><li>For the first 24 hours after the treatment avoid getting your brows wet</li><li>Specifically, shower, hot baths, swimming, and saunas should be avoided</li><li>We recommend using a Brow Gel or Conditioning Serum between appointments to keep your brows in the best possible condition</li></ul>', '2023-03-29 09:33:05', '2023-03-29 09:33:05');
INSERT INTO `treatmentmodels` (`id`, `category`, `headline`, `image1`, `treatment`, `description`, `benefit`, `faq`, `created_at`, `updated_at`) VALUES
(39, 'lashes', 'PARTY LASHES', '202303290937party-lashes-11.jpg', 'Party Lashes', 'Party lashes are made up of cluster fans with multiple lashes on each bulb. They are applied on the top of your natural lashes, providing you a fancy yet natural look.', '<p style=\"margin-bottom: 27px; line-height: 27px; color: rgb(120, 120, 120); font-family: Roboto, sans-serif;\"><b style=\"font-weight: bold;\">What are the benefits of Party Lashes?</b></p><ul style=\"color: rgb(120, 120, 120); font-family: Roboto, sans-serif;\"><li>Cluster lashes are a quick process resulting in instant volumized lashes</li><li>Party Lashes feels natural and weightless</li><li>The treatments procedure is relaxing and comfortable</li><li>The treatment provides extra length to your natural lashes</li></ul>', '<p><b style=\"font-weight: bold; color: rgb(120, 120, 120); font-family: Roboto, sans-serif;\">1. Is there anything I need to do before my lash treatment? (Pre-care)</b><br style=\"color: rgb(120, 120, 120); font-family: Roboto, sans-serif;\"><span style=\"color: rgb(120, 120, 120); font-family: Roboto, sans-serif;\">A.</span></p><ul style=\"color: rgb(120, 120, 120); font-family: Roboto, sans-serif;\"><li>Clean your lashes before your scheduled appointment</li><li>Avoid using oil-based products on and around the eye area before your appointment.</li><li>Get a shower before your appointment as you will not be suggested to get the lashes wet at all for 24 hours after your treatment</li><li>You must remove your contact lenses during the process and therefore, don’t forget to bring your case and solution with you</li></ul><p><br style=\"color: rgb(120, 120, 120); font-family: Roboto, sans-serif;\"><br style=\"color: rgb(120, 120, 120); font-family: Roboto, sans-serif;\"><b style=\"font-weight: bold; color: rgb(120, 120, 120); font-family: Roboto, sans-serif;\">2. How long do Party Lashes last for?</b><br style=\"color: rgb(120, 120, 120); font-family: Roboto, sans-serif;\"><span style=\"color: rgb(120, 120, 120); font-family: Roboto, sans-serif;\">A. Ideally, they can last up to 7 to 10 days. But it depends on the condition of your natural lashes, the natural oil production in the eye area and on your post-treatment care.</span><br style=\"color: rgb(120, 120, 120); font-family: Roboto, sans-serif;\"><br style=\"color: rgb(120, 120, 120); font-family: Roboto, sans-serif;\"><b style=\"font-weight: bold; color: rgb(120, 120, 120); font-family: Roboto, sans-serif;\">3. How long will this treatment take?</b><br style=\"color: rgb(120, 120, 120); font-family: Roboto, sans-serif;\"><span style=\"color: rgb(120, 120, 120); font-family: Roboto, sans-serif;\">A. Your appointment will take approximately 20 to 30 minutes.</span><br style=\"color: rgb(120, 120, 120); font-family: Roboto, sans-serif;\"><br style=\"color: rgb(120, 120, 120); font-family: Roboto, sans-serif;\"><b style=\"font-weight: bold; color: rgb(120, 120, 120); font-family: Roboto, sans-serif;\">4. Do I need a patch test for this treatment?</b><br style=\"color: rgb(120, 120, 120); font-family: Roboto, sans-serif;\"><span style=\"color: rgb(120, 120, 120); font-family: Roboto, sans-serif;\">A. You do not require a patch test for party lashes as per the used glue guidelines. The glue used is skin sensitive.</span><br style=\"color: rgb(120, 120, 120); font-family: Roboto, sans-serif;\"><br style=\"color: rgb(120, 120, 120); font-family: Roboto, sans-serif;\"><b style=\"font-weight: bold; color: rgb(120, 120, 120); font-family: Roboto, sans-serif;\">5. Does this hurt?</b><br style=\"color: rgb(120, 120, 120); font-family: Roboto, sans-serif;\"><span style=\"color: rgb(120, 120, 120); font-family: Roboto, sans-serif;\">A. No, this is a relaxing process. You just have to close your eyes during the treatment.</span><br style=\"color: rgb(120, 120, 120); font-family: Roboto, sans-serif;\"><br style=\"color: rgb(120, 120, 120); font-family: Roboto, sans-serif;\"><b style=\"font-weight: bold; color: rgb(120, 120, 120); font-family: Roboto, sans-serif;\">5. I wear contact lenses. Can I have this treatment done?</b><br style=\"color: rgb(120, 120, 120); font-family: Roboto, sans-serif;\"><span style=\"color: rgb(120, 120, 120); font-family: Roboto, sans-serif;\">A. Yes, this is suitable for you. Although we do recommend you remove your lenses during the treatment.</span><br style=\"color: rgb(120, 120, 120); font-family: Roboto, sans-serif;\"><br style=\"color: rgb(120, 120, 120); font-family: Roboto, sans-serif;\"><b style=\"font-weight: bold; color: rgb(120, 120, 120); font-family: Roboto, sans-serif;\">6. Can I apply mascara on these lashes?</b><br style=\"color: rgb(120, 120, 120); font-family: Roboto, sans-serif;\"><span style=\"color: rgb(120, 120, 120); font-family: Roboto, sans-serif;\">A. Applying mascara on the bottom lashes give a dramatic look. However, if you do not apply any products on your party lashes, they can stay longer.</span><br style=\"color: rgb(120, 120, 120); font-family: Roboto, sans-serif;\"><br style=\"color: rgb(120, 120, 120); font-family: Roboto, sans-serif;\"><b style=\"font-weight: bold; color: rgb(120, 120, 120); font-family: Roboto, sans-serif;\">7. Can I get the lashes wet?</b><br style=\"color: rgb(120, 120, 120); font-family: Roboto, sans-serif;\"><span style=\"color: rgb(120, 120, 120); font-family: Roboto, sans-serif;\">A. After 24 hours you can. But if the lashes get wet, it will be hard to maintain its curl and shape.</span><br style=\"color: rgb(120, 120, 120); font-family: Roboto, sans-serif;\"><br style=\"color: rgb(120, 120, 120); font-family: Roboto, sans-serif;\"><b style=\"font-weight: bold; color: rgb(120, 120, 120); font-family: Roboto, sans-serif;\">8. . I have an eye infection. Is this treatment suitable for me?</b><br style=\"color: rgb(120, 120, 120); font-family: Roboto, sans-serif;\"><span style=\"color: rgb(120, 120, 120); font-family: Roboto, sans-serif;\">A. If you are suffering from any eye infection, you shouldn’t undergo this treatment. If you have a stye or other infection, inside or at the edge of your eyelid, they can become inflamed and painful due to this treatment. You should inform your therapist beforehand about any such concern and seek medical advice before undergoing any treatment.</span><br style=\"color: rgb(120, 120, 120); font-family: Roboto, sans-serif;\"><br style=\"color: rgb(120, 120, 120); font-family: Roboto, sans-serif;\"><b style=\"font-weight: bold; color: rgb(120, 120, 120); font-family: Roboto, sans-serif;\">9. What should I do after my treatment? Are there any restrictions? (Aftercare)</b><br style=\"color: rgb(120, 120, 120); font-family: Roboto, sans-serif;\"><span style=\"color: rgb(120, 120, 120); font-family: Roboto, sans-serif;\">A.</span></p><ul style=\"color: rgb(120, 120, 120); font-family: Roboto, sans-serif;\"><li>For 48 hours avoid sauna, steam, showers, or hot baths</li><li>Please be gentle with your lashes</li><li>Avoid using oil-based products in the eye area and please do not rub or pull your lashes out</li><li>Do not use waterproof mascara or make up remover as this will affect the bonding of the lashes</li><li>Never pull off the eyelash extensions as this will pull out your natural lashes too</li><li>Be gentle with the extensions and avoid tugging and getting them caught on clothes and towels</li></ul>', '2023-03-29 09:37:36', '2023-03-29 09:37:36'),
(40, 'lashes', 'SEMI PERMANENT NATURAL & GLAMOUR LASHES', '202303290949aftercare7.jpg', 'Semi Permanent Lashes', 'In Semi-Permanent lashes, one extension is applied to one natural lash using a special adhesive. These lashes fall out only with your natural hair growth cycle and they can last up to 6 weeks with maintenance. Semi-Permanent Lashes are light weight, and they can result in achieving a fuller but natural enhancement or a dramatic look.', '<p style=\"margin-bottom: 27px; line-height: 27px; color: rgb(120, 120, 120); font-family: Roboto, sans-serif;\"><b style=\"font-weight: bold;\">What are the benefits of semi-permanent lashes?</b></p><ul style=\"color: rgb(120, 120, 120); font-family: Roboto, sans-serif;\"><li>Semi-Permanent Lashes transform your natural lashes into longer, thicker, and curlier lashes</li><li>Semi-Permanent Lashes are appropriate for special occasions and holidays or if you want a natural enhancement</li><li>If you want to avoid wearing mascara every day, this treatment is for you. It helps you to say no to clumping, and smudging mascara</li><li>It can be your best choice if you would like a natural or full-on glam look. With maintenance these lashes can last several weeks</li></ul>', '<p><b style=\"font-weight: bold; color: rgb(120, 120, 120); font-family: Roboto, sans-serif;\">1. Is there anything I need to do before my treatment? (Pre-care)</b><br style=\"color: rgb(120, 120, 120); font-family: Roboto, sans-serif;\"><span style=\"color: rgb(120, 120, 120); font-family: Roboto, sans-serif;\">A.</span></p><ul style=\"color: rgb(120, 120, 120); font-family: Roboto, sans-serif;\"><li>We highly recommend you to clean your lashes before arriving for your scheduled appointment</li><li>Please avoid using oil-based products on and around the eye area</li><li>Get a shower before your appointment as you will not be suggested to get the lashes wet at all for 24 hours after your treatment</li><li>If you use contact lenses, you will be asked to remove them during your treatment and therefore, don’t forget to bring your lens case and solution with you</li></ul><p><br style=\"color: rgb(120, 120, 120); font-family: Roboto, sans-serif;\"><br style=\"color: rgb(120, 120, 120); font-family: Roboto, sans-serif;\"><b style=\"font-weight: bold; color: rgb(120, 120, 120); font-family: Roboto, sans-serif;\">2. How old must I be to have this done?</b><br style=\"color: rgb(120, 120, 120); font-family: Roboto, sans-serif;\"><span style=\"color: rgb(120, 120, 120); font-family: Roboto, sans-serif;\">A. From age of 16+ you can receive this service.</span><br style=\"color: rgb(120, 120, 120); font-family: Roboto, sans-serif;\"><br style=\"color: rgb(120, 120, 120); font-family: Roboto, sans-serif;\"><b style=\"font-weight: bold; color: rgb(120, 120, 120); font-family: Roboto, sans-serif;\">3. How long do Semi Permanent lashes last?</b><br style=\"color: rgb(120, 120, 120); font-family: Roboto, sans-serif;\"><span style=\"color: rgb(120, 120, 120); font-family: Roboto, sans-serif;\">A. Ideally, they last up to 2 to 3 weeks, depending on the condition of your natural lashes, your post-treatment cleanliness/ care, and the natural oil production of the eye area. We recommend to refill lashes, every 2 weeks for long lasting results.</span><br style=\"color: rgb(120, 120, 120); font-family: Roboto, sans-serif;\"><br style=\"color: rgb(120, 120, 120); font-family: Roboto, sans-serif;\"><b style=\"font-weight: bold; color: rgb(120, 120, 120); font-family: Roboto, sans-serif;\">4. How long will this treatment take?</b><br style=\"color: rgb(120, 120, 120); font-family: Roboto, sans-serif;\"><span style=\"color: rgb(120, 120, 120); font-family: Roboto, sans-serif;\">A. Your appointment will take approximately 45 to 60 minutes, if you opt for the glamour look this will take longer than the usual time stated above.</span><br style=\"color: rgb(120, 120, 120); font-family: Roboto, sans-serif;\"><br style=\"color: rgb(120, 120, 120); font-family: Roboto, sans-serif;\"><b style=\"font-weight: bold; color: rgb(120, 120, 120); font-family: Roboto, sans-serif;\">5. Do I need a patch test?</b><br style=\"color: rgb(120, 120, 120); font-family: Roboto, sans-serif;\"><span style=\"color: rgb(120, 120, 120); font-family: Roboto, sans-serif;\">A. Yes , if you have not had semi permanent lashes or Russian lashes done from us before , you are required to come for a patch test 24/48 hours prior to your appointment. If you are a regular client and we have your semi permanent lash or Russian lash extension history within 6 months registered in our system, you do not require a patch test if there is no change in your medical history.</span><br style=\"color: rgb(120, 120, 120); font-family: Roboto, sans-serif;\"><br style=\"color: rgb(120, 120, 120); font-family: Roboto, sans-serif;\"><b style=\"font-weight: bold; color: rgb(120, 120, 120); font-family: Roboto, sans-serif;\">6. I don’t want my lashes to be too long. Is this suitable for me?</b><br style=\"color: rgb(120, 120, 120); font-family: Roboto, sans-serif;\"><span style=\"color: rgb(120, 120, 120); font-family: Roboto, sans-serif;\">A. Yes, this is suitable for you as semi-permanent lashes come in all lengths. Therefore, you can choose to have a fuller but natural length.</span><br style=\"color: rgb(120, 120, 120); font-family: Roboto, sans-serif;\"><br style=\"color: rgb(120, 120, 120); font-family: Roboto, sans-serif;\"><b style=\"font-weight: bold; color: rgb(120, 120, 120); font-family: Roboto, sans-serif;\">7. I wear contact lenses. Can I have this done?</b><br style=\"color: rgb(120, 120, 120); font-family: Roboto, sans-serif;\"><span style=\"color: rgb(120, 120, 120); font-family: Roboto, sans-serif;\">A. Yes, this is suitable for you. Although we do recommend you removing your lenses for the duration of the treatment.</span><br style=\"color: rgb(120, 120, 120); font-family: Roboto, sans-serif;\"><br style=\"color: rgb(120, 120, 120); font-family: Roboto, sans-serif;\"><b style=\"font-weight: bold; color: rgb(120, 120, 120); font-family: Roboto, sans-serif;\">8. Can I apply mascara on these lashes?</b><br style=\"color: rgb(120, 120, 120); font-family: Roboto, sans-serif;\"><span style=\"color: rgb(120, 120, 120); font-family: Roboto, sans-serif;\">A. Applying mascara can give you a dramatic look, however if you do not apply any products on your lashes, they can last longer.</span><br style=\"color: rgb(120, 120, 120); font-family: Roboto, sans-serif;\"><br style=\"color: rgb(120, 120, 120); font-family: Roboto, sans-serif;\"><b style=\"font-weight: bold; color: rgb(120, 120, 120); font-family: Roboto, sans-serif;\">9. Does this hurt?</b><br style=\"color: rgb(120, 120, 120); font-family: Roboto, sans-serif;\"><span style=\"color: rgb(120, 120, 120); font-family: Roboto, sans-serif;\">A. No. Eyelash extensions is a closed eye treatment; you should feel relaxed during the process.</span><br style=\"color: rgb(120, 120, 120); font-family: Roboto, sans-serif;\"><br style=\"color: rgb(120, 120, 120); font-family: Roboto, sans-serif;\"><b style=\"font-weight: bold; color: rgb(120, 120, 120); font-family: Roboto, sans-serif;\">10. Can I get the lashes wet?</b><br style=\"color: rgb(120, 120, 120); font-family: Roboto, sans-serif;\"><span style=\"color: rgb(120, 120, 120); font-family: Roboto, sans-serif;\">A. Try not to get your lashes wet. Once the lashes get wet, it will be hard to maintain its curl and shape.</span><br style=\"color: rgb(120, 120, 120); font-family: Roboto, sans-serif;\"><br style=\"color: rgb(120, 120, 120); font-family: Roboto, sans-serif;\"><b style=\"font-weight: bold; color: rgb(120, 120, 120); font-family: Roboto, sans-serif;\">11. I have an eye infection is this suitable for me?</b><br style=\"color: rgb(120, 120, 120); font-family: Roboto, sans-serif;\"><span style=\"color: rgb(120, 120, 120); font-family: Roboto, sans-serif;\">A. If you are suffering from any eye infection, you shouldn’t undergo this treatment. If you have a stye or other infection, inside or at the edge of your eyelid, they can become inflamed and painful due to this treatment. You should inform your therapist beforehand about any such concern and seek medical advice before undergoing any treatment.</span><br style=\"color: rgb(120, 120, 120); font-family: Roboto, sans-serif;\"><br style=\"color: rgb(120, 120, 120); font-family: Roboto, sans-serif;\"><b style=\"font-weight: bold; color: rgb(120, 120, 120); font-family: Roboto, sans-serif;\">12. What should I do after my treatment? are there any restrictions? (Aftercare)</b><br style=\"color: rgb(120, 120, 120); font-family: Roboto, sans-serif;\"><span style=\"color: rgb(120, 120, 120); font-family: Roboto, sans-serif;\">A.</span></p><ul style=\"color: rgb(120, 120, 120); font-family: Roboto, sans-serif;\"><li>For 48 hours avoid sauna, steam, showers, or hot baths</li><li>Please be gentle with your lashes</li><li>Please avoid using oil-based products on the eye area</li><li>Please do not rub or pull your lashes out</li><li>Do not use waterproof mascara or make up remover as this will affect the bonding of the lashes</li><li>Never pull off the eyelash extensions as this will pull out your natural lashes too</li><li>Be gentle with the extensions and avoid tugging and getting them caught on clothes and towels</li></ul>', '2023-03-29 09:49:02', '2023-03-29 09:49:02'),
(41, 'lashes', 'RUSSIAN NATURAL & GLAMOUR LASHES', '202303290951russian-lashes-11.jpg', 'Russian Lashes', 'In Russian lashes, more than one extension is applied to one natural lash by fanning them to make them appear like more lashes are growing from one stem. These lashes fall out with our natural hair growth cycle and they can last up to 6 weeks with proper maintenance. Russian lashes can be done to achieve a fuller but natural enhancement or a dramatic look.', '<p style=\"margin-bottom: 27px; line-height: 27px; color: rgb(120, 120, 120); font-family: Roboto, sans-serif;\"><b style=\"font-weight: bold;\">What are the benefits of Russian lashes?</b></p><ul style=\"color: rgb(120, 120, 120); font-family: Roboto, sans-serif;\"><li>Russian Lashes give your lashes a more defined and fuller look</li><li>Russian Lashes are extremely lightweight and can’t be felt when applied</li><li>Russian Lashes are apt for special occasions and holidays or if you want a natural enhancement</li><li>If you want to avoid wearing mascara every day, this treatment is for you. It helps you to say no to clumping, and smudging mascara</li><li>You can opt either for a natural or for a full-on glam look</li><li>With proper maintenance these lashes can last several weeks</li></ul>', '<p><b style=\"font-weight: bold; color: rgb(120, 120, 120); font-family: Roboto, sans-serif;\">1. Is there anything I need to do before my lash treatment? (Pre-care)</b><br style=\"color: rgb(120, 120, 120); font-family: Roboto, sans-serif;\"><span style=\"color: rgb(120, 120, 120); font-family: Roboto, sans-serif;\">A.</span></p><ul style=\"color: rgb(120, 120, 120); font-family: Roboto, sans-serif;\"><li>We highly recommend cleaning your lashes before arriving for your scheduled appointment</li><li>Please avoid using oil-based products on and around the eye area</li><li>Get a shower before your appointment as you will not be suggested to get the lashes wet at all for 24 hours after your treatment</li><li>If you use contact lenses, you will be asked to remove them during your treatment and therefore, don’t forget to bring your lens case and solution with you</li></ul><p><span style=\"color: rgb(120, 120, 120); font-family: Roboto, sans-serif;\">.</span><br style=\"color: rgb(120, 120, 120); font-family: Roboto, sans-serif;\"><br style=\"color: rgb(120, 120, 120); font-family: Roboto, sans-serif;\"><b style=\"font-weight: bold; color: rgb(120, 120, 120); font-family: Roboto, sans-serif;\">2. How old must I be to have this done?</b><br style=\"color: rgb(120, 120, 120); font-family: Roboto, sans-serif;\"><span style=\"color: rgb(120, 120, 120); font-family: Roboto, sans-serif;\">A. From age of 16+ you can receive this service.</span><br style=\"color: rgb(120, 120, 120); font-family: Roboto, sans-serif;\"><br style=\"color: rgb(120, 120, 120); font-family: Roboto, sans-serif;\"><b style=\"font-weight: bold; color: rgb(120, 120, 120); font-family: Roboto, sans-serif;\">3. How long do Russian Lashes last?</b><br style=\"color: rgb(120, 120, 120); font-family: Roboto, sans-serif;\"><span style=\"color: rgb(120, 120, 120); font-family: Roboto, sans-serif;\">A. Ideally, they can last up to 4 to 5 weeks, depending on the condition of your natural lashes, you post treatment care or cleanliness and the natural oil production of the eye area. We recommend to refill lash in every 2 weeks for long lasting results. You can also individually replace the lashes which have fallen out.</span><br style=\"color: rgb(120, 120, 120); font-family: Roboto, sans-serif;\"><br style=\"color: rgb(120, 120, 120); font-family: Roboto, sans-serif;\"><b style=\"font-weight: bold; color: rgb(120, 120, 120); font-family: Roboto, sans-serif;\">4. How long will this treatment take?</b><br style=\"color: rgb(120, 120, 120); font-family: Roboto, sans-serif;\"><span style=\"color: rgb(120, 120, 120); font-family: Roboto, sans-serif;\">A. Your appointment will take approximately 1.5 hours. if you opt for the glamour look this will take longer than the usual time stated above.</span><br style=\"color: rgb(120, 120, 120); font-family: Roboto, sans-serif;\"><br style=\"color: rgb(120, 120, 120); font-family: Roboto, sans-serif;\"><b style=\"font-weight: bold; color: rgb(120, 120, 120); font-family: Roboto, sans-serif;\">5. Do I need a patch test?</b><br style=\"color: rgb(120, 120, 120); font-family: Roboto, sans-serif;\"><span style=\"color: rgb(120, 120, 120); font-family: Roboto, sans-serif;\">A. Yes , if you have not had semi permanent lashes or Russian lashes done from us before , you are required to come for a patch test 24/48 hours prior to your appointment. If you are a regular client and we have your semi permanent lash or Russian lash extension history within 6 months registered in our system, you do not require a patch test if there is no change in your medical history.</span><br style=\"color: rgb(120, 120, 120); font-family: Roboto, sans-serif;\"><br style=\"color: rgb(120, 120, 120); font-family: Roboto, sans-serif;\"><b style=\"font-weight: bold; color: rgb(120, 120, 120); font-family: Roboto, sans-serif;\">5. I don’t want my lashes to be too long. Is this suitable for me?</b><br style=\"color: rgb(120, 120, 120); font-family: Roboto, sans-serif;\"><span style=\"color: rgb(120, 120, 120); font-family: Roboto, sans-serif;\">A. Yes, this is suitable for you as lashes come in all lengths. Therefore, you can choose to have a fuller look but natural length.</span><br style=\"color: rgb(120, 120, 120); font-family: Roboto, sans-serif;\"><br style=\"color: rgb(120, 120, 120); font-family: Roboto, sans-serif;\"><b style=\"font-weight: bold; color: rgb(120, 120, 120); font-family: Roboto, sans-serif;\">6. Does this hurt?</b><br style=\"color: rgb(120, 120, 120); font-family: Roboto, sans-serif;\"><span style=\"color: rgb(120, 120, 120); font-family: Roboto, sans-serif;\">A. No. This is a closed eye treatment, and you should feel relaxed during your treatment.</span><br style=\"color: rgb(120, 120, 120); font-family: Roboto, sans-serif;\"><br style=\"color: rgb(120, 120, 120); font-family: Roboto, sans-serif;\"><b style=\"font-weight: bold; color: rgb(120, 120, 120); font-family: Roboto, sans-serif;\">7. I wear contact lenses. Can I have this done?</b><br style=\"color: rgb(120, 120, 120); font-family: Roboto, sans-serif;\"><span style=\"color: rgb(120, 120, 120); font-family: Roboto, sans-serif;\">A. Yes, this is suitable for you. Although we do recommend removing your lenses for the duration of the treatment.</span><br style=\"color: rgb(120, 120, 120); font-family: Roboto, sans-serif;\"><br style=\"color: rgb(120, 120, 120); font-family: Roboto, sans-serif;\"><b style=\"font-weight: bold; color: rgb(120, 120, 120); font-family: Roboto, sans-serif;\">8. Can I apply mascara on my false lashes?</b><br style=\"color: rgb(120, 120, 120); font-family: Roboto, sans-serif;\"><span style=\"color: rgb(120, 120, 120); font-family: Roboto, sans-serif;\">A. Applying mascara can give you a dramatic look, however if you do not apply any products on your lashes, they can last longer.</span><br style=\"color: rgb(120, 120, 120); font-family: Roboto, sans-serif;\"><br style=\"color: rgb(120, 120, 120); font-family: Roboto, sans-serif;\"><b style=\"font-weight: bold; color: rgb(120, 120, 120); font-family: Roboto, sans-serif;\">9. Can I get the lashes wet?</b><br style=\"color: rgb(120, 120, 120); font-family: Roboto, sans-serif;\"><span style=\"color: rgb(120, 120, 120); font-family: Roboto, sans-serif;\">A. Try not to get your lashes wet. Once the lashes get wet, it will be hard to maintain its curl and shape.</span><br style=\"color: rgb(120, 120, 120); font-family: Roboto, sans-serif;\"><br style=\"color: rgb(120, 120, 120); font-family: Roboto, sans-serif;\"><b style=\"font-weight: bold; color: rgb(120, 120, 120); font-family: Roboto, sans-serif;\">10. I have an eye infection is this suitable for me?</b><br style=\"color: rgb(120, 120, 120); font-family: Roboto, sans-serif;\"><span style=\"color: rgb(120, 120, 120); font-family: Roboto, sans-serif;\">A. If you are suffering from any eye infection, you shouldn’t undergo this treatment. If you have a stye or other infection, inside or at the edge of your eyelid, they can become inflamed and painful due to this treatment. You should inform your therapist beforehand about any such concern and seek medical advice before undergoing any treatment.</span><br style=\"color: rgb(120, 120, 120); font-family: Roboto, sans-serif;\"><br style=\"color: rgb(120, 120, 120); font-family: Roboto, sans-serif;\"><b style=\"font-weight: bold; color: rgb(120, 120, 120); font-family: Roboto, sans-serif;\">11. What should I do after my treatment? Are there any restrictions? (Aftercare)</b><br style=\"color: rgb(120, 120, 120); font-family: Roboto, sans-serif;\"><span style=\"color: rgb(120, 120, 120); font-family: Roboto, sans-serif;\">A.</span></p><ul style=\"color: rgb(120, 120, 120); font-family: Roboto, sans-serif;\"><li>For 48 hours avoid sauna, steam, showers, or hot baths</li><li>Please be gentle with your lashes</li><li>Please avoid using oil-based products on the eye area</li><li>Please do not rub or pull your lashes out</li><li>Do not use waterproof mascara or make up remover as this will affect the bonding of the lashes</li><li>Never pull off the eyelash extensions as this will pull out your natural lashes too</li><li>Be gentle with the extensions and avoid tugging and getting them caught on clothes and towels</li></ul>', '2023-03-29 09:51:42', '2023-03-29 09:51:42'),
(42, 'lashes', 'LASH LIFT AND TINT', '202303290954lash-lift-11.jpg', 'Lash Lift', 'Lash Lift is a perming method which uses silicone shields. This technique is used to lift the lash from the root, and it can lift, straighten, or curl your lashes upwards creating a volumized look to your own natural lashes. This treatment is combined with a tinting service to give you a volumized and gorgeous mascara look.', '<p style=\"margin-bottom: 27px; line-height: 27px; color: rgb(120, 120, 120); font-family: Roboto, sans-serif;\"><b style=\"font-weight: bold;\">What are the benefits of lash lift?</b></p><ul style=\"color: rgb(120, 120, 120); font-family: Roboto, sans-serif;\"><li>This treatment enhances your natural lashes without the hassle of any ongoing maintenance</li><li>There is no need to wear mascara for a few weeks after this treatment as it includes lash tint</li><li>This treatment will make your natural lashes look fuller, thicker, and longer</li><li>The curls in your lashes last around 5 weeks, depending on the health of your lashes and how you maintain them</li><p style=\"margin-bottom: 0px; line-height: 27px;\">If you are a hay fever sufferer and prone to itchy or watery eyes, this treatment is beneficial for you.</p></ul>', '<p><b style=\"font-weight: bold; color: rgb(120, 120, 120); font-family: Roboto, sans-serif;\">1. Is there anything I need to do before my lash lift treatment? (Pre-care)</b><br style=\"color: rgb(120, 120, 120); font-family: Roboto, sans-serif;\"><span style=\"color: rgb(120, 120, 120); font-family: Roboto, sans-serif;\">A.</span></p><ul style=\"color: rgb(120, 120, 120); font-family: Roboto, sans-serif;\"><li>We highly recommend cleaning your lashes before arriving for your scheduled appointment</li><li>Please avoid using oil-based products on and around the eye area</li><li>Get a shower before your appointment as you will not be suggested to get the lashes wet at all for 24 hours after your treatment</li><li>If you use contact lenses, you will be asked to remove them during your treatment and therefore, don’t forget to bring your lens case and solution with you</li></ul><p><b style=\"font-weight: bold; color: rgb(120, 120, 120); font-family: Roboto, sans-serif;\">2. How old must I be to have this done?</b><br style=\"color: rgb(120, 120, 120); font-family: Roboto, sans-serif;\"><span style=\"color: rgb(120, 120, 120); font-family: Roboto, sans-serif;\">A. From age of 16+ you can receive this service.</span><br style=\"color: rgb(120, 120, 120); font-family: Roboto, sans-serif;\"><br style=\"color: rgb(120, 120, 120); font-family: Roboto, sans-serif;\"><b style=\"font-weight: bold; color: rgb(120, 120, 120); font-family: Roboto, sans-serif;\">3. How long does Lash Lift last for?</b><br style=\"color: rgb(120, 120, 120); font-family: Roboto, sans-serif;\"><span style=\"color: rgb(120, 120, 120); font-family: Roboto, sans-serif;\">A. Ideally, it can last up to 6 weeks, but this can vary from person to person. No maintenance appointments are required for this treatment. We recommend repeating this process every 6 to 8 weeks to lift the new hair growth as well. With the use of harsh products and heat or if you are a swimmer, you may find your lashes are dropping or weakening prematurely.</span><br style=\"color: rgb(120, 120, 120); font-family: Roboto, sans-serif;\"><br style=\"color: rgb(120, 120, 120); font-family: Roboto, sans-serif;\"><b style=\"font-weight: bold; color: rgb(120, 120, 120); font-family: Roboto, sans-serif;\">4. How long will this treatment take?</b><br style=\"color: rgb(120, 120, 120); font-family: Roboto, sans-serif;\"><span style=\"color: rgb(120, 120, 120); font-family: Roboto, sans-serif;\">A. Your appointment will take approximately 60 minutes.</span><br style=\"color: rgb(120, 120, 120); font-family: Roboto, sans-serif;\"><br style=\"color: rgb(120, 120, 120); font-family: Roboto, sans-serif;\"><b style=\"font-weight: bold; color: rgb(120, 120, 120); font-family: Roboto, sans-serif;\">5. Do I need a patch test?</b><br style=\"color: rgb(120, 120, 120); font-family: Roboto, sans-serif;\"><span style=\"color: rgb(120, 120, 120); font-family: Roboto, sans-serif;\">A. Yes, if you have not had Lash Lift before or with elegance salons within the last 6 months, please pop in for a patch test 48 hours prior to your appointment. If you are a regular client for Lash Lift with us, you do not require a patch test if there is no change in your medical history.</span><br style=\"color: rgb(120, 120, 120); font-family: Roboto, sans-serif;\"><br style=\"color: rgb(120, 120, 120); font-family: Roboto, sans-serif;\"><b style=\"font-weight: bold; color: rgb(120, 120, 120); font-family: Roboto, sans-serif;\">5. Is this treatment safe?</b><br style=\"color: rgb(120, 120, 120); font-family: Roboto, sans-serif;\"><span style=\"color: rgb(120, 120, 120); font-family: Roboto, sans-serif;\">A. Yes, lashes are lifted on to specially made eye pads before applying the products.</span><br style=\"color: rgb(120, 120, 120); font-family: Roboto, sans-serif;\"><br style=\"color: rgb(120, 120, 120); font-family: Roboto, sans-serif;\"><b style=\"font-weight: bold; color: rgb(120, 120, 120); font-family: Roboto, sans-serif;\">6. Does this hurt?</b><br style=\"color: rgb(120, 120, 120); font-family: Roboto, sans-serif;\"><span style=\"color: rgb(120, 120, 120); font-family: Roboto, sans-serif;\">A. This treatment is done with your eyes being closed and it is painless. Clients find this procedure to be relaxing.</span><br style=\"color: rgb(120, 120, 120); font-family: Roboto, sans-serif;\"><br style=\"color: rgb(120, 120, 120); font-family: Roboto, sans-serif;\"><b style=\"font-weight: bold; color: rgb(120, 120, 120); font-family: Roboto, sans-serif;\">7. I wear contact lenses can I have this done?</b><br style=\"color: rgb(120, 120, 120); font-family: Roboto, sans-serif;\"><span style=\"color: rgb(120, 120, 120); font-family: Roboto, sans-serif;\">A. Yes, this is suitable for you. Although we do recommend removing your lenses for the duration of the treatment.</span><br style=\"color: rgb(120, 120, 120); font-family: Roboto, sans-serif;\"><br style=\"color: rgb(120, 120, 120); font-family: Roboto, sans-serif;\"><b style=\"font-weight: bold; color: rgb(120, 120, 120); font-family: Roboto, sans-serif;\">8. Can I apply mascara on my lashes?</b><br style=\"color: rgb(120, 120, 120); font-family: Roboto, sans-serif;\"><span style=\"color: rgb(120, 120, 120); font-family: Roboto, sans-serif;\">A. Yes, you can apply mascara after 48 hours, which can give a dramatic look. However, if you do not apply any products on your lashes, they can stay longer.</span><br style=\"color: rgb(120, 120, 120); font-family: Roboto, sans-serif;\"><br style=\"color: rgb(120, 120, 120); font-family: Roboto, sans-serif;\"><b style=\"font-weight: bold; color: rgb(120, 120, 120); font-family: Roboto, sans-serif;\">9. Does lash lift damage your natural lashes?</b><br style=\"color: rgb(120, 120, 120); font-family: Roboto, sans-serif;\"><span style=\"color: rgb(120, 120, 120); font-family: Roboto, sans-serif;\">A. No, but we suggest following the aftercare for the treatment stated below.</span><br style=\"color: rgb(120, 120, 120); font-family: Roboto, sans-serif;\"><br style=\"color: rgb(120, 120, 120); font-family: Roboto, sans-serif;\"><b style=\"font-weight: bold; color: rgb(120, 120, 120); font-family: Roboto, sans-serif;\">10. I have an eye infection is this suitable for me?</b><br style=\"color: rgb(120, 120, 120); font-family: Roboto, sans-serif;\"><span style=\"color: rgb(120, 120, 120); font-family: Roboto, sans-serif;\">A. If you are suffering from any eye infection, you shouldn’t undergo this treatment. If you have a stye or other infection, inside or at the edge of your eyelid, they can become inflamed and painful due to this treatment. You should inform your therapist beforehand about any such concern and seek medical advice before undergoing any treatment.</span><br style=\"color: rgb(120, 120, 120); font-family: Roboto, sans-serif;\"><br style=\"color: rgb(120, 120, 120); font-family: Roboto, sans-serif;\"><b style=\"font-weight: bold; color: rgb(120, 120, 120); font-family: Roboto, sans-serif;\">11. What should I do after my treatment? Are there any restrictions? (Aftercare)</b><br style=\"color: rgb(120, 120, 120); font-family: Roboto, sans-serif;\"><span style=\"color: rgb(120, 120, 120); font-family: Roboto, sans-serif;\">A.</span></p><ul style=\"color: rgb(120, 120, 120); font-family: Roboto, sans-serif;\"><li>For 48 hours avoid getting your lashes wet</li><li>Do not use harsh products on your lashes</li><li>• For 48 hours please avoid sauna, swimming, and steam as this will weaken the effect of your treatment</li><li>Do not use eyelash curlers and waterproof mascara</li><li>Avoid any facial treatments for 48 hours</li><li>Use gentle soap free products around the eyes and use a lash nourishing serum daily</li></ul>', '2023-03-29 09:54:06', '2023-03-29 09:54:06'),
(43, 'nails', 'BASIC MANICURES AND PEDICURES', '202303290956basic-manicure-pedicure-11.jpg', 'Basic Manicures and Pedicures', 'A manicure refers to the curation and care of a client\'s hands and a pedicure refers to the curation and care of a client\'s feet. This includes skincare, nail care, and artificial nail enhancements that can be customized to a variety of preferences.', '<p style=\"margin-bottom: 27px; line-height: 27px; color: rgb(120, 120, 120); font-family: Roboto, sans-serif;\"><b style=\"font-weight: bold;\">What are the benefits of Manicures and Pedicures?</b></p><p style=\"margin-bottom: 27px; line-height: 27px; color: rgb(120, 120, 120); font-family: Roboto, sans-serif;\"></p><ul style=\"color: rgb(120, 120, 120); font-family: Roboto, sans-serif;\"><li>Deep clean for your nails, as well as ensuring that they look great</li><li>Removal of dead skill cells, which is an essential part of encouraging new skin cell growth</li><li>Protect your nail health on an ongoing basis</li><li>Increase blood flow , improve joint mobility and help to reduce swelling and pain</li><li>Incredibly relaxing experience</li></ul>', '<p><b style=\"font-weight: bold; color: rgb(120, 120, 120); font-family: Roboto, sans-serif;\">1. How is it done?</b><br style=\"color: rgb(120, 120, 120); font-family: Roboto, sans-serif;\"><span style=\"color: rgb(120, 120, 120); font-family: Roboto, sans-serif;\">A. manicure and pedicure consist of filing and shaping the free edge of nails, pushing and clipping (with a cuticle pusher and cuticle nippers) any non-living tissue (but limited to the cuticle and hangnails), and the application of fingernail polish. You can also upgrade to French polish or hand massage with an additional cost.</span><br style=\"color: rgb(120, 120, 120); font-family: Roboto, sans-serif;\"><br style=\"color: rgb(120, 120, 120); font-family: Roboto, sans-serif;\"><b style=\"font-weight: bold; color: rgb(120, 120, 120); font-family: Roboto, sans-serif;\">2. How long will manicure and pedicure take?</b><br style=\"color: rgb(120, 120, 120); font-family: Roboto, sans-serif;\"><span style=\"color: rgb(120, 120, 120); font-family: Roboto, sans-serif;\">A. Your appointment will ideally take around 15- 20 minutes for basic manicure and 20-25 minutes for basic pedicure.</span><br style=\"color: rgb(120, 120, 120); font-family: Roboto, sans-serif;\"><br style=\"color: rgb(120, 120, 120); font-family: Roboto, sans-serif;\"><b style=\"font-weight: bold; color: rgb(120, 120, 120); font-family: Roboto, sans-serif;\">3. Does a manicure hurt?</b><br style=\"color: rgb(120, 120, 120); font-family: Roboto, sans-serif;\"><span style=\"color: rgb(120, 120, 120); font-family: Roboto, sans-serif;\">A. Manicures and Pedicures shouldn\'t hurt or damage your nails.</span><br style=\"color: rgb(120, 120, 120); font-family: Roboto, sans-serif;\"><br style=\"color: rgb(120, 120, 120); font-family: Roboto, sans-serif;\"><b style=\"font-weight: bold; color: rgb(120, 120, 120); font-family: Roboto, sans-serif;\">4. What\'s the difference between a luxury manicure and a basic manicure?</b><br style=\"color: rgb(120, 120, 120); font-family: Roboto, sans-serif;\"><span style=\"color: rgb(120, 120, 120); font-family: Roboto, sans-serif;\">A. The number one focus of a basic manicure is your nails. A luxury manicure is typically a longer service focused on stress relief and relaxation. A luxury manicure typically lasts longer than a regular manicure, and more emphasis is placed on the overall experience, rather than hand maintenance.</span><br style=\"color: rgb(120, 120, 120); font-family: Roboto, sans-serif;\"><br style=\"color: rgb(120, 120, 120); font-family: Roboto, sans-serif;\"><b style=\"font-weight: bold; color: rgb(120, 120, 120); font-family: Roboto, sans-serif;\">5. Should I trim my nails before a pedicure?</b><br style=\"color: rgb(120, 120, 120); font-family: Roboto, sans-serif;\"><span style=\"color: rgb(120, 120, 120); font-family: Roboto, sans-serif;\">A. If you\'re doing a pedicure, then no, don\'t trim them. When the nail comes back in, it\'ll be ingrown. You should trim them straight across, not rounded.</span><br style=\"color: rgb(120, 120, 120); font-family: Roboto, sans-serif;\"><br style=\"color: rgb(120, 120, 120); font-family: Roboto, sans-serif;\"><b style=\"font-weight: bold; color: rgb(120, 120, 120); font-family: Roboto, sans-serif;\">6. How long does standard polish last for?</b><br style=\"color: rgb(120, 120, 120); font-family: Roboto, sans-serif;\"><span style=\"color: rgb(120, 120, 120); font-family: Roboto, sans-serif;\">A. Normal nail polish usually lasts up to 5 days with proper care and is a great choice for temporary or short one-off occasions. If that’s too short of period for you then we recommend you book a gel manicure which can last up to two weeks.</span><br style=\"color: rgb(120, 120, 120); font-family: Roboto, sans-serif;\"><br style=\"color: rgb(120, 120, 120); font-family: Roboto, sans-serif;\"><b style=\"font-weight: bold; color: rgb(120, 120, 120); font-family: Roboto, sans-serif;\">7. How often you should get manicures and pedicures?</b><br style=\"color: rgb(120, 120, 120); font-family: Roboto, sans-serif;\"><span style=\"color: rgb(120, 120, 120); font-family: Roboto, sans-serif;\">A.</span></p><p style=\"margin-bottom: 27px; line-height: 27px; color: rgb(120, 120, 120); font-family: Roboto, sans-serif;\">It depends on your lifestyle and preference. The faster your nails grow and the more abuse they withstand and if you prefer perfect polish and medium to long nails, you’ll need a manicure once a week. If you favour shorter nails for a more active lifestyle, you may need a professional manicure only every two weeks.</p><p style=\"margin-bottom: 0px; line-height: 27px; color: rgb(120, 120, 120); font-family: Roboto, sans-serif;\">Overall, we’d recommend on average every two weeks – maximum three weeks!</p>', '2023-03-29 09:56:46', '2023-03-29 09:56:46'),
(44, 'nails', 'GEL MANICURES AND PEDICURES', '202303290959gel-nails-11.jpg', 'Gel Nails', 'Gel polish is a thick consistency liquid, which is applied to the natural nail and cured under UV light. Gel nails last longer than normal nail varnish leaving your nails shiny and strong for up to 14 days.', '<p style=\"margin-bottom: 27px; line-height: 27px; color: rgb(120, 120, 120); font-family: Roboto, sans-serif;\"><b style=\"font-weight: bold;\">What are the benefits of Gel Nails?</b></p><ul style=\"color: rgb(120, 120, 120); font-family: Roboto, sans-serif;\"><li>Gel nails dry quicker under UV light, so there’s no need to worry about smudging them</li><li>Long lasting- It can last up to 14 days without fading and is scratch free</li><li>If your nails are weak or prone to splitting, gel polish gives your nails added protection</li><li>Gel nails look and feel natural, as the gel is applied in thin layers</li></ul>', '<p><b style=\"font-weight: bold; color: rgb(120, 120, 120); font-family: Roboto, sans-serif;\">1. How are Gel Nails done?</b><br style=\"color: rgb(120, 120, 120); font-family: Roboto, sans-serif;\"><span style=\"color: rgb(120, 120, 120); font-family: Roboto, sans-serif;\">A. Your therapist will firstly carry out a consultation with you to discuss your needs and the end results/colour you are looking to achieve. The treatment is done by firstly prepping your nails with dry manicure technique, then two coats of gel polish is applied in thin layers for a natural finish, which cures and hardens under UV light and can last up to a good two weeks.</span><br style=\"color: rgb(120, 120, 120); font-family: Roboto, sans-serif;\"><br style=\"color: rgb(120, 120, 120); font-family: Roboto, sans-serif;\"><b style=\"font-weight: bold; color: rgb(120, 120, 120); font-family: Roboto, sans-serif;\">2. Is there anything I need to do before my treatment? Pre-care?</b><br style=\"color: rgb(120, 120, 120); font-family: Roboto, sans-serif;\"><span style=\"color: rgb(120, 120, 120); font-family: Roboto, sans-serif;\">A. Your nails must be a normal length for this treatment. Extremely short nails will be difficult to do, also they will not last very long at all. Please make sure your nails are clean and free from any debris, and decide how you want your nails to look, we will try our best!</span><br style=\"color: rgb(120, 120, 120); font-family: Roboto, sans-serif;\"><br style=\"color: rgb(120, 120, 120); font-family: Roboto, sans-serif;\"><b style=\"font-weight: bold; color: rgb(120, 120, 120); font-family: Roboto, sans-serif;\">3. How old must I be to have this done?</b><br style=\"color: rgb(120, 120, 120); font-family: Roboto, sans-serif;\"><span style=\"color: rgb(120, 120, 120); font-family: Roboto, sans-serif;\">A. From age of 11+ you can receive this service with consent of parent or guardian.</span><br style=\"color: rgb(120, 120, 120); font-family: Roboto, sans-serif;\"><br style=\"color: rgb(120, 120, 120); font-family: Roboto, sans-serif;\"><b style=\"font-weight: bold; color: rgb(120, 120, 120); font-family: Roboto, sans-serif;\">4. How long do Gel Nails last for?</b><br style=\"color: rgb(120, 120, 120); font-family: Roboto, sans-serif;\"><span style=\"color: rgb(120, 120, 120); font-family: Roboto, sans-serif;\">A. Gel Nails can last up to 2 weeks. We recommend you have your gel nails removed professionally to avoid damage to the nail bed. Gel nails can be removed and reapplied every two-three weeks and change of colour.</span><br style=\"color: rgb(120, 120, 120); font-family: Roboto, sans-serif;\"><br style=\"color: rgb(120, 120, 120); font-family: Roboto, sans-serif;\"><b style=\"font-weight: bold; color: rgb(120, 120, 120); font-family: Roboto, sans-serif;\">5. How long will this treatment take?</b><br style=\"color: rgb(120, 120, 120); font-family: Roboto, sans-serif;\"><span style=\"color: rgb(120, 120, 120); font-family: Roboto, sans-serif;\">A. Your appointment will ideally take around 20-30 minutes.</span><br style=\"color: rgb(120, 120, 120); font-family: Roboto, sans-serif;\"><br style=\"color: rgb(120, 120, 120); font-family: Roboto, sans-serif;\"><b style=\"font-weight: bold; color: rgb(120, 120, 120); font-family: Roboto, sans-serif;\">5. What should I be doing after my treatment, are there any restrictions?Aftercare</b><br style=\"color: rgb(120, 120, 120); font-family: Roboto, sans-serif;\"><span style=\"color: rgb(120, 120, 120); font-family: Roboto, sans-serif;\">A.</span></p><ul style=\"color: rgb(120, 120, 120); font-family: Roboto, sans-serif;\"><li>For 48 hours, please avoid swimming, sauna, steam as the gel takes time to bond and harden further to adhere to your nail bed</li><li>Do not use your nails as tools this will damage and weaken them</li><li>Avoid using nail polish remover containing acetone</li><li>Wear gloves when performing household chores, gardening and use of chemicals</li><li>Keep up with maintenance appointments to keep your nails looking their best</li><li>Apply cuticle oil daily to prolong enhancements durability and flexibility and cuticle softness</li></ul>', '2023-03-29 09:59:20', '2023-03-29 09:59:20');
INSERT INTO `treatmentmodels` (`id`, `category`, `headline`, `image1`, `treatment`, `description`, `benefit`, `faq`, `created_at`, `updated_at`) VALUES
(45, 'nails', 'ACRYLICS EXTENSIONS', '202303291002acrylics-11.jpg', 'Acrylics Extensions', 'Acrylic extensions are nail enhancements, which is set using a combination of a liquid monomer and powder polymer. Enhancements are created as an option for clients wishing to transform their natural nails instantly into beautiful strong nails.', '<p style=\"margin-bottom: 27px; line-height: 27px; color: rgb(120, 120, 120); font-family: Roboto, sans-serif;\"><b style=\"font-weight: bold;\">What are the benefits of Acrylic extensions?</b></p><li style=\"color: rgb(120, 120, 120); font-family: Roboto, sans-serif;\">Acrylic extensions are very popular treatment at elegance salons, as they are long lasting</li><li style=\"color: rgb(120, 120, 120); font-family: Roboto, sans-serif;\">These enhancements are great for protecting weak nails and they prevent you from biting nails (if you are a nail biter and want to grow your nails)</li><li style=\"color: rgb(120, 120, 120); font-family: Roboto, sans-serif;\">The extensions are natural looking, and you have plenty of colours and designs to choose from</li>', '<p><b style=\"font-weight: bold; color: rgb(120, 120, 120); font-family: Roboto, sans-serif;\">1. How are Acrylic Extensions done?</b><br style=\"color: rgb(120, 120, 120); font-family: Roboto, sans-serif;\"><span style=\"color: rgb(120, 120, 120); font-family: Roboto, sans-serif;\">A. Your therapist will firstly carry out a consultation with you to discuss your needs and the end results you are looking to achieve. The treatment is done by combining liquid monomer and powder polymer to make an acrylic nail. This paste is applied onto your natural nail and tip which hardens over time and can last up to a good couple of weeks.</span><br style=\"color: rgb(120, 120, 120); font-family: Roboto, sans-serif;\"><br style=\"color: rgb(120, 120, 120); font-family: Roboto, sans-serif;\"><b style=\"font-weight: bold; color: rgb(120, 120, 120); font-family: Roboto, sans-serif;\">2. Is there anything I need to do before my treatment? (Pre-care)</b><br style=\"color: rgb(120, 120, 120); font-family: Roboto, sans-serif;\"><span style=\"color: rgb(120, 120, 120); font-family: Roboto, sans-serif;\">A. Your nails must be at a normal length for this treatment. If you have extremely short nails, it will be difficult to do the treatment and in that case the extension will not last very long at all. Please make sure your nails are clean and free from any debris, polish, and oils. From our various options, you can select your desired nail look and we will achieve that for you.</span><br style=\"color: rgb(120, 120, 120); font-family: Roboto, sans-serif;\"><br style=\"color: rgb(120, 120, 120); font-family: Roboto, sans-serif;\"><b style=\"font-weight: bold; color: rgb(120, 120, 120); font-family: Roboto, sans-serif;\">3. How old must I be to have this done?</b><br style=\"color: rgb(120, 120, 120); font-family: Roboto, sans-serif;\"><span style=\"color: rgb(120, 120, 120); font-family: Roboto, sans-serif;\">A. From age of 12+ you can receive this service with consent of parent or guardian.</span><br style=\"color: rgb(120, 120, 120); font-family: Roboto, sans-serif;\"><br style=\"color: rgb(120, 120, 120); font-family: Roboto, sans-serif;\"><b style=\"font-weight: bold; color: rgb(120, 120, 120); font-family: Roboto, sans-serif;\">4. How long do Acrylic Extensions last for?</b><br style=\"color: rgb(120, 120, 120); font-family: Roboto, sans-serif;\"><span style=\"color: rgb(120, 120, 120); font-family: Roboto, sans-serif;\">A. Acrylic extensions can last up to 2 weeks. We recommend refills every 2 weeks for coverage of the regrowth and to maintain your nails and for longevity of your enhancements (at this point you can even choose a different colour!).</span><br style=\"color: rgb(120, 120, 120); font-family: Roboto, sans-serif;\"><br style=\"color: rgb(120, 120, 120); font-family: Roboto, sans-serif;\"><b style=\"font-weight: bold; color: rgb(120, 120, 120); font-family: Roboto, sans-serif;\">5. I don’t want my nails too long; I desire a natural length. Can I still have these done?</b><br style=\"color: rgb(120, 120, 120); font-family: Roboto, sans-serif;\"><span style=\"color: rgb(120, 120, 120); font-family: Roboto, sans-serif;\">A. Yes, the therapist will carry out a consultation and the treatment will be done step by step. You will be in charge of your shape, length, colour and design.</span><br style=\"color: rgb(120, 120, 120); font-family: Roboto, sans-serif;\"><br style=\"color: rgb(120, 120, 120); font-family: Roboto, sans-serif;\"><b style=\"font-weight: bold; color: rgb(120, 120, 120); font-family: Roboto, sans-serif;\">5. How long will this treatment take?</b><br style=\"color: rgb(120, 120, 120); font-family: Roboto, sans-serif;\"><span style=\"color: rgb(120, 120, 120); font-family: Roboto, sans-serif;\">A. Your appointment will ideally take around 60-70 minutes.</span><br style=\"color: rgb(120, 120, 120); font-family: Roboto, sans-serif;\"><br style=\"color: rgb(120, 120, 120); font-family: Roboto, sans-serif;\"><b style=\"font-weight: bold; color: rgb(120, 120, 120); font-family: Roboto, sans-serif;\">6. What should I be doing after my treatment, are there any restrictions?Aftercare</b><br style=\"color: rgb(120, 120, 120); font-family: Roboto, sans-serif;\"><span style=\"color: rgb(120, 120, 120); font-family: Roboto, sans-serif;\">A.</span></p><ul style=\"color: rgb(120, 120, 120); font-family: Roboto, sans-serif;\"><li>For 48 hours, please avoid swimming, sauna, steam as the acrylic takes time to bond and harden further to adhere to your nail bed</li><li>Do not use your nails as tools this will damage and weaken them</li><li>Avoid using nail polish remover containing acetone</li><li>Wear gloves when performing household chores, gardening and use of chemicals</li><li>If your break a nail or if it comes off, please do not try to glue it back on yourself this could lead to infections</li><li>Book maintenance appointments to keep your nails on-point and perfect</li><li>• Apply cuticle oil daily to soften cuticle, prolong enhancement’s durability and flexibility</li></ul>', '2023-03-29 10:02:18', '2023-03-29 10:02:18');

-- --------------------------------------------------------

--
-- Table structure for table `users`
--

CREATE TABLE `users` (
  `id` bigint(20) UNSIGNED NOT NULL,
  `name` varchar(255) NOT NULL,
  `email` varchar(255) NOT NULL,
  `email_verified_at` timestamp NULL DEFAULT NULL,
  `password` varchar(255) NOT NULL,
  `remember_token` varchar(100) DEFAULT NULL,
  `created_at` timestamp NULL DEFAULT NULL,
  `updated_at` timestamp NULL DEFAULT NULL
) ENGINE=InnoDB DEFAULT CHARSET=utf8mb4 COLLATE=utf8mb4_unicode_ci;

--
-- Indexes for dumped tables
--

--
-- Indexes for table `admin_logins`
--
ALTER TABLE `admin_logins`
  ADD PRIMARY KEY (`id`);

--
-- Indexes for table `cardmodels`
--
ALTER TABLE `cardmodels`
  ADD PRIMARY KEY (`id`);

--
-- Indexes for table `carousalmodels`
--
ALTER TABLE `carousalmodels`
  ADD PRIMARY KEY (`id`);

--
-- Indexes for table `detailmodels`
--
ALTER TABLE `detailmodels`
  ADD PRIMARY KEY (`id`),
  ADD KEY `foreign_key_for_salon_branch` (`salon_id`);

--
-- Indexes for table `failed_jobs`
--
ALTER TABLE `failed_jobs`
  ADD PRIMARY KEY (`id`),
  ADD UNIQUE KEY `failed_jobs_uuid_unique` (`uuid`);

--
-- Indexes for table `gallerymodels`
--
ALTER TABLE `gallerymodels`
  ADD PRIMARY KEY (`id`),
  ADD KEY `gallerymodels_treatment_id_foreign` (`treatment_id`);

--
-- Indexes for table `marqueemodels`
--
ALTER TABLE `marqueemodels`
  ADD PRIMARY KEY (`id`);

--
-- Indexes for table `migrations`
--
ALTER TABLE `migrations`
  ADD PRIMARY KEY (`id`);

--
-- Indexes for table `offermodels`
--
ALTER TABLE `offermodels`
  ADD PRIMARY KEY (`id`);

--
-- Indexes for table `password_resets`
--
ALTER TABLE `password_resets`
  ADD KEY `password_resets_email_index` (`email`);

--
-- Indexes for table `personal_access_tokens`
--
ALTER TABLE `personal_access_tokens`
  ADD PRIMARY KEY (`id`),
  ADD UNIQUE KEY `personal_access_tokens_token_unique` (`token`),
  ADD KEY `personal_access_tokens_tokenable_type_tokenable_id_index` (`tokenable_type`,`tokenable_id`);

--
-- Indexes for table `testimmodels`
--
ALTER TABLE `testimmodels`
  ADD PRIMARY KEY (`id`);

--
-- Indexes for table `treatmentmodels`
--
ALTER TABLE `treatmentmodels`
  ADD PRIMARY KEY (`id`);

--
-- Indexes for table `users`
--
ALTER TABLE `users`
  ADD PRIMARY KEY (`id`),
  ADD UNIQUE KEY `users_email_unique` (`email`);

--
-- AUTO_INCREMENT for dumped tables
--

--
-- AUTO_INCREMENT for table `admin_logins`
--
ALTER TABLE `admin_logins`
  MODIFY `id` bigint(20) UNSIGNED NOT NULL AUTO_INCREMENT, AUTO_INCREMENT=2;

--
-- AUTO_INCREMENT for table `cardmodels`
--
ALTER TABLE `cardmodels`
  MODIFY `id` bigint(20) UNSIGNED NOT NULL AUTO_INCREMENT, AUTO_INCREMENT=9;

--
-- AUTO_INCREMENT for table `carousalmodels`
--
ALTER TABLE `carousalmodels`
  MODIFY `id` bigint(20) UNSIGNED NOT NULL AUTO_INCREMENT, AUTO_INCREMENT=41;

--
-- AUTO_INCREMENT for table `detailmodels`
--
ALTER TABLE `detailmodels`
  MODIFY `id` bigint(20) UNSIGNED NOT NULL AUTO_INCREMENT, AUTO_INCREMENT=11;

--
-- AUTO_INCREMENT for table `failed_jobs`
--
ALTER TABLE `failed_jobs`
  MODIFY `id` bigint(20) UNSIGNED NOT NULL AUTO_INCREMENT;

--
-- AUTO_INCREMENT for table `gallerymodels`
--
ALTER TABLE `gallerymodels`
  MODIFY `id` bigint(20) UNSIGNED NOT NULL AUTO_INCREMENT, AUTO_INCREMENT=73;

--
-- AUTO_INCREMENT for table `marqueemodels`
--
ALTER TABLE `marqueemodels`
  MODIFY `id` bigint(20) UNSIGNED NOT NULL AUTO_INCREMENT, AUTO_INCREMENT=2;

--
-- AUTO_INCREMENT for table `migrations`
--
ALTER TABLE `migrations`
  MODIFY `id` int(10) UNSIGNED NOT NULL AUTO_INCREMENT, AUTO_INCREMENT=17;

--
-- AUTO_INCREMENT for table `offermodels`
--
ALTER TABLE `offermodels`
  MODIFY `id` bigint(20) UNSIGNED NOT NULL AUTO_INCREMENT, AUTO_INCREMENT=9;

--
-- AUTO_INCREMENT for table `personal_access_tokens`
--
ALTER TABLE `personal_access_tokens`
  MODIFY `id` bigint(20) UNSIGNED NOT NULL AUTO_INCREMENT;

--
-- AUTO_INCREMENT for table `testimmodels`
--
ALTER TABLE `testimmodels`
  MODIFY `id` bigint(20) UNSIGNED NOT NULL AUTO_INCREMENT, AUTO_INCREMENT=15;

--
-- AUTO_INCREMENT for table `treatmentmodels`
--
ALTER TABLE `treatmentmodels`
  MODIFY `id` bigint(20) UNSIGNED NOT NULL AUTO_INCREMENT, AUTO_INCREMENT=46;

--
-- AUTO_INCREMENT for table `users`
--
ALTER TABLE `users`
  MODIFY `id` bigint(20) UNSIGNED NOT NULL AUTO_INCREMENT;

--
-- Constraints for dumped tables
--

--
-- Constraints for table `detailmodels`
--
ALTER TABLE `detailmodels`
  ADD CONSTRAINT `foreign_key_for_salon_branch` FOREIGN KEY (`salon_id`) REFERENCES `cardmodels` (`id`) ON DELETE CASCADE ON UPDATE CASCADE;

--
-- Constraints for table `gallerymodels`
--
ALTER TABLE `gallerymodels`
  ADD CONSTRAINT `gallerymodels_treatment_id_foreign` FOREIGN KEY (`treatment_id`) REFERENCES `treatmentmodels` (`id`) ON DELETE CASCADE;
COMMIT;

/*!40101 SET CHARACTER_SET_CLIENT=@OLD_CHARACTER_SET_CLIENT */;
/*!40101 SET CHARACTER_SET_RESULTS=@OLD_CHARACTER_SET_RESULTS */;
/*!40101 SET COLLATION_CONNECTION=@OLD_COLLATION_CONNECTION */;
